FIPS,0
1001,11.532446235161638
1003,10.754546947959806
1005,14.31139811754307
1007,12.947445299435286
1009,11.310911402848259
1011,15.333109516819583
1013,15.16367999921485
1015,13.043851402715882
1017,14.520891953860401
1019,12.717170736312159
1021,12.299134124709049
1023,14.806698380566191
1025,13.272862024987399
1027,13.830803049914106
1029,12.525939171786673
1031,11.880197193205031
1033,12.91647284051819
1035,15.088603873857135
1037,13.74406058671413
1039,14.065966138155662
1041,12.975255878682262
1043,11.440824338702937
1045,11.811757535974682
1047,15.73480404231057
1049,11.631408227227466
1051,11.789635791000622
1053,14.154885769674049
1055,13.077406597043725
1057,12.739849042386794
1059,12.633806040795077
1061,12.651426569817328
1063,16.710990944060946
1065,15.3598541863249
1067,12.999213052497534
1069,12.442524255295787
1071,12.427818862352188
1073,12.439717911806866
1075,13.72965620103407
1077,11.948508824768663
1079,13.4589754351207
1081,9.810701947145542
1083,11.801879967128729
1085,15.427132136206868
1087,15.697085611941667
1089,10.55877584025368
1091,14.660188079337894
1093,13.075862289122568
1095,11.871302544071877
1097,12.731105723853682
1099,13.950851130783136
1101,13.052458879174168
1103,11.678958469492951
1105,16.103025257257116
1107,14.288141166936098
1109,12.315541401715254
1111,13.140597053664088
1113,13.659887295133434
1115,11.021908217436131
1117,9.058414488418784
1119,15.334925134381265
1121,14.118627031073892
1123,13.653819580645688
1125,11.503742991703684
1127,12.99021437907637
1129,13.644540469932629
1131,15.47962557630256
1133,12.421442064465936
2013,7.059010699586327
2016,5.790728068512838
2020,6.658460203839074
2050,10.559196245748426
2060,5.889680302753097
2068,5.295949609954822
2070,10.207666882384734
2090,6.707357091111259
2100,6.768348512465885
2105,9.26059934147543
2110,6.010138792988917
2122,7.686682969549435
2130,7.140907123975898
2150,6.193596295720281
2164,9.580387619462156
2170,7.2737696040820365
2180,9.246725886342116
2185,8.045391251490829
2188,10.341044490145567
2195,7.809496550905744
2198,10.292513411393278
2220,6.22178385181972
2230,6.168175935084868
2240,7.2010406891884715
2261,6.800139607010124
2275,8.888906201597951
2282,6.639425907743264
2290,10.26877767730157
4001,11.495371899097005
4003,9.039449547852946
4005,7.040769976097212
4007,11.687473074676925
4009,8.878558192123752
4011,7.473746762938824
4012,13.802048888651374
4013,7.6876444009797495
4015,12.50379839459317
4017,11.111799687915578
4019,8.098803441602225
4021,9.382946476386122
4023,6.948716024945258
4025,9.925873233155082
4027,9.445134693751086
5001,12.594212267293015
5003,12.124629755101047
5005,12.511689983911891
5007,8.246406491841768
5009,11.132723096302904
5011,13.044426501684587
5013,12.309837427904084
5015,10.748317126784691
5017,14.672470119788839
5019,10.949581082660794
5021,12.53778595428485
5023,13.083290204631254
5025,11.543682081416657
5027,12.588673606236494
5029,11.550760559375078
5031,10.74503818183863
5033,10.314929164744756
5035,12.958097261468303
5037,12.64049766685127
5039,14.12004686487239
5041,13.400228041725804
5043,11.976958328642596
5045,9.651146246273424
5047,11.204660701764439
5049,12.503487478725834
5051,11.138105329251102
5053,10.814937896610344
5055,11.783522066940249
5057,12.31038454646565
5059,12.576992491408031
5061,12.005409658537811
5063,11.264742256843869
5065,12.568356769758863
5067,13.360547043984973
5069,13.801921872841989
5071,11.026459880108167
5073,13.806076267316124
5075,12.107268312776036
5077,14.191048154536455
5079,12.185141124510181
5081,12.382324828887704
5083,12.189071906035629
5085,9.603458117417322
5087,11.205347703094503
5089,12.298615990861801
5091,12.003724374034144
5093,13.996662201611977
5095,14.429501476081656
5097,12.145122795855556
5099,12.921558405415315
5101,12.743806882951905
5103,13.480904917192493
5105,11.117790038922214
5107,15.134330065223619
5109,10.919011848354968
5111,11.861564820873065
5113,11.924751653847071
5115,9.55761126282564
5117,12.468262803312046
5119,10.535058887976186
5121,12.264966896801187
5123,13.684679134150285
5125,10.181728380225605
5127,11.05213829265017
5129,12.393353665236257
5131,10.619008498809388
5133,10.173395052608793
5135,11.8657975030973
5137,12.400919619590768
5139,13.087942145722675
5141,11.891813753331949
5143,8.050614887319114
5145,10.12162433853186
5147,12.926763257239017
5149,11.379082003131657
6001,6.015801385114713
6003,8.760868713697388
6005,8.297930819195152
6007,7.870324879116725
6009,8.786887472341043
6011,5.780608363048369
6013,6.809031487487475
6015,7.993156410875537
6017,6.833036942399743
6019,7.273380638523555
6021,7.03384446418403
6023,6.973192610043911
6025,6.9853585646096725
6027,7.793783522447612
6029,7.73356337176634
6031,6.591178525357478
6033,9.263766959734733
6035,6.3476678759345235
6037,6.509234436121995
6039,7.274146505296275
6041,5.915298441371425
6043,8.473056578109235
6045,7.554507822704298
6047,7.580468020367818
6049,8.974163187152792
6051,4.814884653784765
6053,6.0425064361474465
6055,6.017795545779282
6057,7.844373554948311
6059,6.024301284648352
6061,6.783780982399079
6063,8.032801523801545
6065,7.18954753179874
6067,7.117606316753248
6069,5.2695456656470245
6071,6.992232624712847
6073,6.05416073282406
6075,5.589681461623037
6077,7.348289671950963
6079,6.489450352805434
6081,6.020516094667481
6083,5.906765659147658
6085,5.48354895917264
6087,5.232724673025425
6089,8.895039042965891
6091,7.745798346548517
6093,8.944360380921896
6095,7.493960601231299
6097,6.053558503406295
6099,7.123479503962673
6101,7.884546354226197
6103,9.021763172408528
6105,9.50806516224645
6107,7.118582266199016
6109,8.502333804389254
6111,6.293815988687478
6113,5.6095944881093915
6115,7.088999445284097
8001,6.081184892636902
8003,5.922569002815295
8005,5.963442634133959
8007,6.489576556985204
8009,9.571840981381667
8011,7.971763036445106
8013,4.0808850774416925
8014,4.427646508307157
8015,6.654723239682067
8017,7.7713168964444215
8019,5.9714799082594885
8021,7.202358841931258
8023,8.984564116468379
8025,7.31008571799334
8027,8.724413404048775
8029,8.234351261931792
8031,5.2021135097712925
8033,7.28592739137676
8035,3.9292738538351557
8037,2.7031598637584584
8039,5.956472173209791
8041,6.072953376831433
8043,8.027047596086721
8045,4.2852415367381385
8047,5.831629200597673
8049,4.156895382327155
8051,3.6740278685531202
8053,5.111317010536888
8055,9.373859324212612
8057,7.156178915960755
8059,5.081071037570765
8061,7.877856858116539
8063,8.01343204429116
8065,5.260642695274834
8067,5.037247900858051
8069,5.163069806976871
8071,7.357159878341804
8073,8.059820860480865
8075,7.16614736606431
8077,7.149207402881832
8079,6.7442030444645
8081,7.004995244037363
8083,8.145328333150317
8085,7.365254260584017
8087,7.171411872472744
8089,7.968687116971098
8091,5.590496615304142
8093,6.024201532661667
8095,7.653489518264434
8097,3.0936074126640136
8099,7.400839039600334
8101,7.308157372883666
8103,6.24859787528446
8105,6.82024681650366
8107,3.417932759188871
8109,7.169830058358776
8111,4.198389006072944
8113,3.571894053134824
8115,8.914162100236675
8117,2.801517961347996
8119,6.691855097865244
8121,7.81852254193616
8123,5.948551044713722
8125,7.608263858027569
9001,7.620265020752566
9003,8.639401145637022
9005,7.901147635301161
9007,7.723744252916867
9009,8.943152883164931
9011,8.335823431275818
9013,6.736838839900141
9015,8.687186125788209
10001,9.519454028980125
10003,7.768674243655548
10005,9.62420743393931
11001,8.280661670053684
12001,7.514552763624797
12003,11.002950543468806
12005,9.626945070021433
12007,11.434908688485416
12009,10.15303697264034
12011,8.710627796973913
12013,11.436808140235819
12015,11.572782347244932
12017,12.560374437363325
12019,8.360080790888976
12021,8.810200364845644
12023,11.28875398248543
12027,11.226497756258635
12029,12.132738077501898
12031,9.23961230471796
12033,9.892969827157733
12035,10.15556725829991
12037,10.38012430030758
12039,12.894506432070981
12041,10.7429915751196
12043,12.364156443833078
12045,10.553655945978532
12047,11.97694344956624
12049,9.928626494910132
12051,9.595010678311926
12053,10.988754456208836
12055,12.825462537640686
12057,7.92471563029838
12059,11.873428015654664
12061,10.847322409797846
12063,11.962816286509216
12065,11.399295642611744
12067,10.641136233450542
12069,10.473077524356684
12071,10.12807305532905
12073,7.6657993808294425
12075,11.567255207913929
12077,10.265446262261902
12079,12.075552861812795
12081,9.946843194985266
12083,12.005965616712096
12085,9.726066901827345
12086,7.569036540282055
12087,6.942885192458247
12089,8.653031202018823
12091,8.400156587922112
12093,10.521042151854278
12095,7.7208409499109
12097,8.110210207530908
12099,9.537990148175625
12101,9.88480438888816
12103,9.249280198160399
12105,10.263707279925503
12107,12.18389878267179
12109,7.066334941307865
12111,10.420239715440648
12113,8.44622397518993
12115,10.294082674418165
12117,7.294929022244785
12119,12.914885351510332
12121,11.146582646051565
12123,11.996722135315348
12125,10.341975031328298
12127,10.423383672822668
12129,9.37952637332722
12131,9.100331697555733
12133,11.420173259640148
13001,11.095597599898671
13003,11.27975485802181
13005,11.253352733773017
13007,12.702564991057026
13009,11.527657097655387
13011,10.092422509014062
13013,10.522840241075489
13015,9.733938797317062
13017,12.484725344225305
13019,12.526808221412695
13021,12.654899393484826
13023,11.893347641952754
13025,10.510631215339384
13027,12.882745902840554
13029,9.575105086951833
13031,10.112366619838799
13033,12.735464204746814
13035,11.708629115685843
13037,12.73721591753774
13039,9.478918512482139
13043,12.076304461734388
13045,10.54274794095638
13047,10.561422204535738
13049,11.733182008648104
13051,10.56965731554843
13053,8.844573149671483
13055,10.87130109262542
13057,7.770956819146386
13059,9.551812586526145
13061,15.230203164760603
13063,11.404483886935108
13065,12.201215254292316
13067,7.9728777967120585
13069,11.984273829731414
13071,12.156553174692185
13073,8.660388321596399
13075,11.522268258256965
13077,9.384777584548148
13079,12.246730893748138
13081,13.098776939540627
13083,10.466279800909055
13085,8.992548442537958
13087,12.289555595803465
13089,9.88081555859733
13091,12.250229182900224
13093,13.503988382470125
13095,13.377754099216531
13097,10.5389203892336
13099,13.746336370943789
13101,10.229064123846015
13103,9.580385909431799
13105,12.474885280242345
13107,12.480031095611631
13109,12.295130840773256
13111,11.153150161420822
13113,8.758570812573888
13115,11.157517796688197
13117,6.8295624224330425
13119,12.432888004863209
13121,8.99327738605035
13123,10.804830451372228
13125,10.561283162417194
13127,11.536105132172588
13129,9.15184484238399
13131,12.759110236179197
13133,13.720593951399316
13135,7.815303537271595
13137,10.591633738219123
13139,8.617153213568308
13141,14.065322655029295
13143,10.575551859999756
13145,9.587534555938978
13147,11.798415459820852
13149,10.921138520946672
13151,9.716120385476719
13153,10.111692185563566
13155,11.933657037653257
13157,9.767538773271584
13159,11.501411165312316
13161,10.92883616921035
13163,13.157634344631907
13165,13.036535561247794
13167,12.626785296486835
13169,11.459201808430922
13171,11.812866910096638
13173,11.36302250385855
13175,12.833566826367392
13177,9.248840509510227
13179,10.90423612267192
13181,12.709959221347425
13183,10.16949891645325
13185,11.283967436251496
13187,9.214956875936995
13189,12.910903824866736
13191,13.20437955611984
13193,13.34417685863014
13195,10.845314115923049
13197,12.580101067185458
13199,13.277096581796409
13201,13.745733548236654
13205,12.938552837744448
13207,10.966230676291802
13209,12.037000404299706
13211,11.189859389218443
13213,10.66261263886348
13215,11.724835134079491
13217,11.401454976272928
13219,8.036777302554007
13221,10.902508330211678
13223,9.025390061396248
13225,12.061234825430635
13227,9.468898179813657
13229,12.106051478788727
13231,10.688895248642114
13233,11.574257045149627
13235,12.851850185053705
13237,11.421818614743225
13239,14.800843610477438
13241,10.582601697551432
13243,15.160907245445488
13245,12.334761775277782
13247,11.507674171079023
13249,11.130403012630033
13251,13.449502269888637
13253,13.56776380126717
13255,11.972921831731757
13257,11.548475157272277
13259,12.464653524644087
13261,13.01333577773705
13263,14.187450592048132
13265,15.210199180424244
13267,11.917527247072035
13269,13.251909642439923
13271,12.364608397319563
13273,14.186278437968662
13275,11.633816294341637
13277,11.897829275980762
13279,11.373678304812987
13281,12.583676991492299
13283,13.15385749043085
13285,11.687624147494079
13287,13.94828009675307
13289,13.528812055802552
13291,12.084377290281463
13293,12.436025106335139
13295,11.783400938514804
13297,9.812941922593575
13299,12.768061246872968
13301,15.092745911081224
13303,12.828445208531619
13305,11.557002631169146
13307,12.902502514106406
13309,12.283904876993791
13311,10.293640330192172
13313,10.001660417446184
13315,12.303968229913437
13317,13.40672345192008
13319,12.760895549629318
13321,12.439521072599868
15001,7.475975048222236
15003,6.816485117353967
15005,10.15913185638924
15007,6.818124151637095
15009,6.488968599000384
16001,7.248117508663679
16003,10.072746091580447
16005,8.321674369768324
16007,10.23863280367635
16009,10.629779420263967
16011,9.505864205984535
16013,5.391009125369269
16015,9.223708962632903
16017,9.699555473148488
16019,8.06937603440969
16021,9.92064371043882
16023,9.906240956538536
16025,7.95471807621537
16027,8.728346337180168
16029,9.52371467887815
16031,8.727212562091397
16033,7.952932569183199
16035,10.245196362379886
16037,8.962263831547213
16039,9.318191560076901
16041,8.758769628833697
16043,8.685613497585432
16045,10.521978775229172
16047,8.95854699921179
16049,10.406884289911737
16051,8.37076629424753
16053,8.073605320402647
16055,8.563787482770739
16057,6.822325788736447
16059,9.404945539447077
16061,9.883937644090995
16063,7.995799579341211
16065,6.329760216709072
16067,8.567892901274357
16069,10.178608402196149
16071,8.937453192830118
16073,10.411097957910185
16075,9.770394497635573
16077,8.59939560406868
16079,11.464617190872616
16081,5.972402841905633
16083,8.942476096135412
16085,8.430079021483177
16087,11.104368321182266
17001,10.07085858604043
17003,12.990499844886248
17005,10.117510665074754
17007,8.8184482032868
17009,9.227384782078184
17011,10.585370703654476
17013,11.056283106357824
17015,10.620722165617659
17017,9.428497117897352
17019,7.837844950623437
17021,11.040197330740764
17023,10.789684124474222
17025,11.25332599556265
17027,10.070778857185205
17029,9.242944626264912
17031,8.934532991860964
17033,9.908635178097626
17035,10.069730207314821
17037,7.663926559816346
17039,10.130003062165297
17041,9.750514214346016
17043,7.067691378037522
17045,9.932251176871635
17047,10.167316212785199
17049,9.056108300735325
17051,9.764070084683732
17053,10.340667061917744
17055,11.3471246313868
17057,10.91353703859427
17059,11.444659771874065
17061,10.567946801256788
17063,8.613847732842776
17065,10.555380657320477
17067,10.780126457216998
17069,11.420274474727814
17071,11.035307931234769
17073,10.386587887178626
17075,10.992767360707287
17077,9.642290015274959
17079,9.787909416315104
17081,10.270446935280189
17083,10.4967621400173
17085,10.5709776071429
17087,10.030967776940457
17089,7.030334120475844
17091,9.841781405701205
17093,7.059885149081968
17095,10.945544379382032
17097,7.396563997113791
17099,9.553400010537917
17101,10.18580375837778
17103,10.36675611637871
17105,11.003724656480502
17107,9.762138953555464
17109,8.917883037859237
17111,7.744328141759586
17113,8.127980330258158
17115,10.523362068105879
17117,10.835352140336623
17119,10.331575563021529
17121,11.784242108334535
17123,10.502647581144199
17125,10.840595702997764
17127,11.11421358786001
17129,9.782116114356127
17131,10.825113654763172
17133,9.419461851200094
17135,10.428367850009856
17137,10.77760302640872
17139,10.296468031201139
17141,9.158857339225179
17143,10.01475960179577
17145,9.814243552356134
17147,9.39073506560501
17149,11.072807118169417
17151,11.463467295199768
17153,12.096144922023697
17155,9.594324557559627
17157,9.808928235462906
17159,10.70949515493583
17161,10.074403627674748
17163,11.01622180514081
17165,11.145589149211988
17167,10.02022857158391
17169,10.340388709445131
17171,10.176629996216011
17173,11.26981617586305
17175,11.015866312798169
17177,11.127124125302798
17179,9.947429129998746
17181,10.552842555904919
17183,11.039800393942869
17185,10.559039683148823
17187,10.523685790224002
17189,9.6275199982737
17191,10.70715744135051
17193,10.596534165963218
17195,10.46070707525616
17197,8.16386412934649
17199,10.733050569827721
17201,10.400522201390492
17203,9.103451131564535
18001,10.862614127714272
18003,9.489253397196824
18005,9.702422632559239
18007,11.296295051807068
18009,11.384840204801046
18011,8.828196027789637
18013,10.912176544726352
18015,10.993811858499487
18017,10.567047557881235
18019,11.171005698892978
18021,10.32901197136257
18023,10.875148353342357
18025,11.240706448595846
18027,11.065731439931684
18029,10.143067814342405
18031,11.06830836333716
18033,9.559093620152604
18035,11.460755699481735
18037,8.51847397160021
18039,9.927815590791564
18041,12.081323313145166
18043,10.784154080750907
18045,11.254423669317365
18047,9.557488167646772
18049,9.485883095779931
18051,11.072161246583292
18053,11.62528284129128
18055,10.813862409250506
18057,6.71988115837785
18059,9.719176602390514
18061,10.539130475168314
18063,9.303052469371481
18065,11.0929348128315
18067,11.255397357220462
18069,10.275692975959252
18071,10.714754284916022
18073,9.961903781228484
18075,11.782863303251995
18077,10.487174701352892
18079,10.712442165273519
18081,8.743226593647618
18083,11.770262090316765
18085,8.838386564208848
18087,9.628841746619077
18089,11.516211183003637
18091,10.434539316531078
18093,11.089587973203257
18095,10.97799775339914
18097,10.573082314138688
18099,9.834913803700603
18101,11.049582904450187
18103,10.808415461258255
18105,7.670187709825941
18107,10.007184185446018
18109,10.548033629902461
18111,11.160354075257283
18113,9.265783579867596
18115,10.402076219640211
18117,11.725311706563751
18119,10.798406424527979
18121,11.734760118031543
18123,9.85468352217007
18125,10.874419466068671
18127,9.306913058045321
18129,9.999159973076466
18131,10.62785128268747
18133,10.832629489778542
18135,11.845796218590145
18137,9.966232918988451
18139,11.89337422923827
18141,10.162183942526317
18143,11.160057057384334
18145,10.798096389407265
18147,10.242082528893885
18149,11.774789680597669
18151,9.821031670433033
18153,11.830131352054929
18155,11.591381230971622
18157,8.49047748510989
18159,10.824696905889109
18161,11.417148483086583
18163,10.757578888456376
18165,11.314789766859345
18167,10.560629850054188
18169,12.077771605608211
18171,9.847482055536696
18173,9.216132992318238
18175,10.700562886341388
18177,11.313911406886447
18179,10.589804145645697
18181,10.3652773101373
18183,9.114437979556069
19001,11.006878930457946
19003,10.579877292160507
19005,9.0565138592637
19007,11.076859672660518
19009,10.898187102649587
19011,9.465034505292468
19013,8.71702343008788
19015,9.038278041707912
19017,8.705980723858891
19019,9.46133809908669
19021,8.229278942825893
19023,9.882239584713172
19025,10.128011787018496
19027,8.852466442179058
19029,9.93229499472116
19031,10.105202143345654
19033,9.764567025371761
19035,10.546616512245889
19037,9.329902549143169
19039,9.178617700567331
19041,8.911799583727023
19043,10.066053210609466
19045,9.898605289528449
19047,9.728333990250555
19049,8.168955950698123
19051,10.62155825593428
19053,9.98138665598374
19055,9.885574424030317
19057,10.083240099174533
19059,8.991961804419052
19061,8.251397078582889
19063,9.82428742596469
19065,10.39077946401038
19067,10.029480758904667
19069,9.407423908018561
19071,9.686913185582156
19073,10.81613648197086
19075,9.605822933326266
19077,10.694714054366
19079,9.703595025243176
19081,9.363664282566988
19083,10.296417715797434
19085,9.865307748634352
19087,9.19399890945089
19089,10.012021340953378
19091,10.010214406666753
19093,10.321069874686708
19095,8.772228570393372
19097,9.711091080366836
19099,10.081375538374065
19101,7.961606351555284
19103,5.89483166797663
19105,9.249038329807743
19107,10.218217240128771
19109,9.744873914295177
19111,9.864831424448443
19113,8.220433825277167
19115,9.520126834436493
19117,10.731380417134975
19119,9.293484607278268
19121,9.076058624855687
19123,9.112703591671119
19125,8.40338310943802
19127,9.221961200733048
19129,9.307353281632096
19131,9.444744703595838
19133,11.057899529132227
19135,10.550643852296652
19137,10.494039209803205
19139,8.692055277787373
19141,8.221153891695876
19143,9.933079932090727
19145,10.404586374325529
19147,9.910605328455581
19149,8.905779746211572
19151,10.864506933465941
19153,7.579878444574538
19155,9.688718377494396
19157,8.421476297094298
19159,11.337464219848243
19161,9.698349180317484
19163,8.35193673174439
19165,10.724132846187755
19167,7.8425279912986765
19169,6.42317995145085
19171,11.181122247005577
19173,9.630134828863163
19175,9.807053292643628
19177,10.205359388683696
19179,10.524860002656277
19181,9.138275892182312
19183,9.235338194438821
19185,10.057078250514659
19187,9.765300993968172
19189,10.113752542404029
19191,7.217149071024882
19193,8.975100014238512
19195,10.66004097325671
19197,10.416738644553451
20001,10.277741793552234
20003,10.727354076741127
20005,9.859352780537096
20007,9.59687682380436
20009,9.1815813549441
20011,10.155534078416682
20013,11.006043040544142
20015,8.667931408324385
20017,9.934951860293088
20019,12.391985033839951
20021,10.96349211902852
20023,10.889920326559423
20025,9.59177071200699
20027,10.066663331852302
20029,9.859517208432262
20031,9.018589292804167
20033,9.79412183146667
20035,10.147731849966537
20037,8.980344111140267
20039,11.340188765970497
20041,9.722254089071527
20043,9.210196289578152
20045,6.125642180913942
20047,9.605920127907739
20049,10.381984534726765
20051,8.066988766159124
20053,10.235267064729008
20055,6.639235935498537
20057,8.22765937462304
20059,9.762044875970991
20061,8.55515949378631
20063,9.336781433620393
20065,10.7562442782434
20067,7.005180965351544
20069,7.6384584911184294
20071,9.09915518868781
20073,10.592314866558523
20075,7.044000968678476
20077,11.434615543218172
20079,9.253881000915419
20081,7.564305628541309
20083,9.456511717408109
20085,9.872277236241677
20087,8.429762523924474
20089,10.988668954251102
20091,6.112242188574978
20093,8.284220820782819
20095,10.77247172453411
20097,9.52938925096271
20099,10.692465576604466
20101,9.095511163834582
20103,8.625502921034899
20105,9.25093062412524
20107,10.611975610682686
20109,9.521079923091046
20111,7.717576745931652
20113,8.72676989300786
20115,9.475726066257149
20117,9.649530648988572
20119,9.031400680510831
20121,8.614166588770491
20123,9.544357023903137
20125,10.622960826739051
20127,10.482550291059823
20129,9.888195875249965
20131,9.468067882234697
20133,10.005097458506746
20135,10.074494692175515
20137,8.704753850860568
20139,10.022666015550335
20141,10.509078953073958
20143,10.140296679512629
20145,8.944579629646476
20147,10.085491240768484
20149,7.886561626838108
20151,8.62581133420774
20153,11.577708002863071
20155,9.363492969071165
20157,12.346056299441207
20159,8.934696727418732
20161,5.447873817595148
20163,10.107552069382619
20165,10.856448726632765
20167,9.443462616329096
20169,8.989894387469908
20171,9.011923980557466
20173,8.423469678208441
20175,7.255216846213506
20177,8.670615241080968
20179,9.996398356742752
20181,9.981749925307083
20183,10.858216166646057
20185,10.779922562420579
20187,9.5219813396731
20189,8.48932101270353
20191,9.989692452963382
20193,8.074016156321074
20195,10.318904073107232
20197,8.243769470432744
20199,9.162962143311486
20201,10.233611477435481
20203,8.93785686142534
20205,10.0175603802609
20207,11.177483130772366
20209,10.839124448425572
21001,12.393199390340044
21003,12.49629329350607
21005,10.800925236942366
21007,12.693199166658847
21009,11.958513200121397
21011,12.045806305518964
21013,13.363313424396209
21015,8.900002426841935
21017,12.711507273792225
21019,12.311067832162022
21021,11.26155987132351
21023,11.304040291411653
21025,12.174237423127286
21027,12.904568994998904
21029,11.072321207088317
21031,12.963080057246788
21033,12.29344669388388
21035,9.239774467510207
21037,9.659644594801373
21039,11.997013422685413
21041,11.021411325899122
21043,12.786172534943963
21045,12.388042924931701
21047,11.962408715150492
21049,11.186253795543454
21051,12.179461686586178
21053,12.795003783781564
21055,12.555050560686603
21057,13.160979837704145
21059,10.387931331135128
21061,12.558073493036993
21063,13.530924757482907
21065,12.525509028325779
21067,9.174711991048296
21069,11.961557931624533
21071,13.111642312141084
21073,11.187854761336174
21075,13.81512522362564
21077,12.277046701190052
21079,11.949980698639333
21081,10.72011212881639
21083,11.41944661210077
21085,12.611719642747788
21087,12.435234927528281
21089,12.57106527751072
21091,10.88135967991688
21093,10.595370503367679
21095,14.051519046793302
21097,11.41970766245974
21099,12.860613864455852
21101,11.401883056390973
21103,12.289975841203367
21105,13.010036053238043
21107,11.811774550304483
21109,12.677130965247219
21111,10.929832427955102
21113,10.753025793588177
21115,12.379760588337687
21117,9.240686977450318
21119,13.479218345598596
21121,12.747395185426434
21123,12.01309652508107
21125,11.760517734089053
21127,13.20314946242081
21129,13.479469572371721
21131,12.502484808831019
21133,13.237701741283269
21135,13.097070630937157
21137,12.369862261332147
21139,11.97725858989481
21141,13.254541554421648
21143,12.746719299958643
21145,11.613244823807133
21147,12.182002592699552
21149,12.169436187627756
21151,10.449876078745575
21153,12.565349824041553
21155,10.425854457072152
21157,11.258172841726305
21159,12.529605880965281
21161,11.572255146170951
21163,10.336956338234737
21165,11.88824464542796
21167,11.541940539858576
21169,13.282286723236712
21171,11.405911233619616
21173,11.325593445442315
21175,12.461466569680514
21177,12.232892019136937
21179,10.859484168078795
21181,12.561637636457814
21183,12.403653413454611
21185,8.80870866958401
21187,12.269945676618041
21189,13.5049505770225
21191,11.635113915547972
21193,12.99066222733537
21195,12.167447317759873
21197,11.865287153987886
21199,12.369486521009932
21201,12.335751386245676
21203,12.429123465008294
21205,10.607426670062923
21207,13.375752654128034
21209,9.156043999168997
21211,11.008946941957786
21213,11.976930303172304
21215,10.088450834979149
21217,12.65618832895611
21219,12.90982075612286
21221,12.62101863763686
21223,11.077051995765803
21225,11.037207933071903
21227,10.19684640824471
21229,12.62612378070578
21231,12.862856396708501
21233,11.633886476202166
21235,12.446940293745328
21237,12.772723833729913
21239,11.17676558245183
22001,12.62912354264647
22003,11.392619309533334
22005,9.303975900359138
22007,11.374902007162262
22009,12.999800802472276
22011,10.489094892659784
22013,14.143767784510882
22015,9.696989947405402
22017,12.580017144108957
22019,11.427754037591447
22021,11.760705056259606
22023,9.085099515523275
22025,12.61082190515358
22027,13.184485692952475
22029,13.478099696277676
22031,13.116060875923695
22033,10.294261767304187
22035,14.805218411581555
22037,12.298424927754589
22039,11.649423731279239
22041,13.577608312235798
22043,10.69817396331128
22045,12.162183101688965
22047,12.32058088057708
22049,13.022352738935746
22051,10.67443653974566
22053,11.634670157468825
22055,9.242715795727928
22057,11.061500648344323
22059,10.502783891998744
22061,10.854384357023452
22063,9.59778393382042
22065,13.272385417343672
22067,14.527264371742708
22069,12.04324074571111
22071,12.006701580288569
22073,11.903291866401402
22075,10.672190085928888
22077,12.167221555915303
22079,11.923887348522928
22081,14.09282329874568
22083,13.1329040117298
22085,12.268458235413746
22087,11.104802695855131
22089,10.24926644916578
22091,13.687868011605389
22093,12.898910969864323
22095,12.205844660302324
22097,12.768185893957487
22099,11.634915821778796
22101,12.080759808128116
22103,8.654237957946053
22105,11.925847329121202
22107,15.098669097357025
22109,11.425946150302604
22111,12.359777811947833
22113,10.955808444972659
22115,9.747573255916022
22117,12.817458283909206
22119,13.706644611502428
22121,11.135264515338193
22123,12.172410348500371
22125,10.513459085568538
22127,12.143321126023741
23001,9.544178434874702
23003,10.414773800306008
23005,7.18070167552531
23007,8.787323688880237
23009,8.16603719746465
23011,8.718558291130158
23013,8.301455145420746
23015,9.414474286589014
23017,9.674807115877211
23019,9.218133183201623
23021,10.835514182157205
23023,8.720100054309185
23025,10.287943641961396
23027,9.413755847598416
23029,10.883408583991109
23031,8.160493509473483
24001,11.483567123201555
24003,8.449202620421234
24005,10.375591515170688
24009,8.606953101949975
24011,11.149492551500613
24013,8.255156216041096
24015,9.6829262902722
24017,9.606038214986803
24019,12.655128439183397
24021,7.7232991726927285
24023,11.03716063651699
24025,8.908930926652577
24027,7.297226651433631
24029,10.846686692112238
24031,7.336085389678059
24033,10.511704812409583
24035,8.97043935397078
24037,8.899805177713372
24039,12.878786015235942
24041,10.192123303816977
24043,10.399543593812457
24045,10.864262860600217
24047,11.357317536813891
24510,12.617375289444396
25001,8.287746808388368
25003,8.436303523885124
25005,9.096191567867853
25007,6.743410410427674
25009,7.481959706206014
25011,7.409499305301527
25013,9.517009063758373
25015,6.250419564417805
25017,7.441074982768583
25019,5.6034050111859335
25021,7.152536099882903
25023,8.498812423930966
25025,7.876138319988775
25027,8.055167462509612
26001,12.918620979720211
26003,10.155912799083376
26005,8.975316371037264
26007,9.705962725010433
26009,10.991652762062264
26011,10.65532006151058
26013,10.426545442276096
26015,9.0335432631966
26017,9.927985284562453
26019,9.631809565582634
26021,11.304569219824051
26023,10.194985803399117
26025,10.542381295303766
26027,10.339819470989267
26029,8.96875476239956
26031,11.267794257164613
26033,10.666406970094567
26035,12.252745596155318
26037,8.402076208906294
26039,10.904324635854271
26041,10.00675199079283
26043,9.043387060847207
26045,9.789178670988763
26047,7.9139927041867395
26049,11.420985292436637
26051,12.750797694069812
26053,10.611689039467482
26055,8.472325340314683
26057,10.87951459302364
26059,10.011103501168849
26061,9.18442635248752
26063,10.515167174987845
26065,8.213349695903636
26067,8.529332105315886
26069,11.710656020936442
26071,10.440839986456776
26073,8.221584681401572
26075,9.487535369328095
26077,8.398098501392369
26079,9.828925665092457
26081,8.491495931024053
26083,10.103646240897023
26085,11.556297829857371
26087,9.29748636691275
26089,10.213451182282501
26091,9.424467244877157
26093,7.486134085843047
26095,10.152155920313634
26097,10.60631845688681
26099,9.556719675571275
26101,9.984347236400657
26103,8.228316965426487
26105,10.074889624566355
26107,10.211056949494804
26109,10.88573610236034
26111,9.168005839258742
26113,10.530115939310127
26115,8.79904001224334
26117,10.022435004391184
26119,12.155811828188384
26121,10.235725769039563
26123,9.67326125500845
26125,8.381879266001226
26127,9.576002192991353
26129,12.029600938449638
26131,11.100888631988289
26133,10.761728216920645
26135,11.169842518628162
26137,9.48117722731544
26139,7.703591108364464
26141,12.121043037281783
26143,12.333691539561263
26145,10.537208277293168
26147,9.584527698255199
26149,10.608577660754984
26151,9.969757058708966
26153,10.917562444808022
26155,8.900191802005523
26157,11.029217848622732
26159,10.041937453121141
26161,7.192898100369996
26163,11.982657642467643
26165,9.307107625541054
27001,10.980573101863769
27003,6.703177377877131
27005,8.81768761616402
27007,8.28104025052738
27009,7.059447716883515
27011,8.73347920294312
27013,6.421109296176645
27015,7.865844103673678
27017,7.577233477559474
27019,5.231813235253416
27021,9.920028182037926
27023,9.693560259982775
27025,7.519013493777472
27027,7.449591186600298
27029,8.853359961015503
27031,7.697789871640637
27033,10.14939642058093
27035,8.257983508631309
27037,5.87312398625559
27039,6.672417256007081
27041,8.124656308099883
27043,9.239461561342441
27045,8.728306531523987
27047,9.344621070438489
27049,7.807433872285062
27051,9.465941231354558
27053,6.3791095993581015
27055,8.563945963110445
27057,8.720645188782154
27059,6.982910549128456
27061,8.853323251966627
27063,7.792194389475954
27065,8.600090670369141
27067,8.016299298329763
27069,9.093333247842681
27071,9.143093219799415
27073,9.73619583957606
27075,8.754078834550121
27077,8.82876600466294
27079,6.922082637763519
27081,9.114878247538137
27083,6.233708549196316
27085,7.513613400317085
27087,11.133407504707614
27089,8.29659067440722
27091,9.768305662254289
27093,8.385619753813318
27095,9.215755428646254
27097,8.154709991629232
27099,8.809887653363175
27101,8.782963042943638
27103,6.361577626601049
27105,8.509457562875815
27107,10.402635974576754
27109,6.719015959206461
27111,8.652527669200614
27113,7.843644713200378
27115,9.132972246888862
27117,9.14043931218858
27119,8.601447001060816
27121,9.680805115034024
27123,7.66349325681519
27125,7.80289622679625
27127,8.490246896897174
27129,8.491738495706239
27131,7.0987209856346105
27133,8.520694092502065
27135,7.616920664795073
27137,7.701360782461291
27139,5.48404854191242
27141,6.689370042310159
27143,8.944884331606348
27145,6.851678926186417
27147,7.356528015271843
27149,7.158835002410544
27151,9.307899703305877
27153,8.866308073070478
27155,10.716299883358374
27157,7.648485993020311
27159,8.232804798454051
27161,7.7353893480097
27163,6.0830871088292575
27165,8.386122361955067
27167,9.043568659819783
27169,7.323633068425113
27171,6.286301060078728
27173,8.366380067166526
28001,14.174541078697214
28003,13.427069226375112
28005,14.920686105979547
28007,15.303077062143378
28009,14.14145460447169
28011,14.647349137528732
28013,13.42959628289173
28015,14.214093668218432
28017,14.181666504045522
28019,14.320523309368275
28021,16.546313578850707
28023,14.718490421338101
28025,15.732376995328483
28027,16.206131280868107
28029,15.161153252615007
28031,13.977879660317376
28033,11.314257172563082
28035,12.741038600315639
28037,14.001520774827561
28039,12.04094049522735
28041,12.502600127070897
28043,14.016675907279785
28045,12.235759440495807
28047,11.862953982887431
28049,14.653575696583822
28051,16.695634631004197
28053,16.787468904652826
28055,15.350879563828562
28057,12.846009035056154
28059,11.688291983330144
28061,15.138894073122314
28063,16.777842985570906
28065,15.83634920639478
28067,13.788699745625863
28069,15.220174893418074
28071,10.777214003687142
28073,10.639152758403585
28075,14.30452733904783
28077,13.55978681823276
28079,14.582029981433104
28081,12.828280034368278
28083,15.696346420982277
28085,13.380175228496174
28087,13.03043546286233
28089,11.41270474666347
28091,13.868712480896404
28093,15.169818678361947
28095,13.932286000412386
28097,14.39196477686933
28099,13.73830100087207
28101,13.901132917176305
28103,16.515446130552377
28105,10.904929838862468
28107,15.105904717085634
28109,12.05668561680884
28111,13.85424484337317
28113,14.752379221960314
28115,12.180203690567714
28117,13.388244175584173
28119,16.220682279012003
28121,10.845795111662028
28123,13.15256995592787
28125,16.61842898374863
28127,14.65162273339138
28129,13.698663779551154
28131,12.143087649943931
28133,15.240046982752606
28135,14.191672261568481
28137,13.4788685140962
28139,13.392321831008163
28141,12.50416905833622
28143,16.113687896855343
28145,12.557952611536523
28147,14.889925499290548
28149,14.257983984867414
28151,16.362010937126044
28153,14.1565311764838
28155,13.315184222883907
28157,16.078436472471022
28159,15.523195926257543
28161,14.559208272546815
28163,15.156363334590182
29001,9.330335445776111
29003,10.514438813489338
29005,11.613223435486702
29007,10.883838800079813
29009,11.771044919834313
29011,11.235936409642214
29013,11.187586819764624
29015,12.572144621063632
29017,11.976833677998336
29019,7.2983674869123245
29021,10.27710688201196
29023,11.63363544137197
29025,10.842918323512029
29027,10.375043909580171
29029,10.304651900842972
29031,10.208307480376297
29033,11.155062578845982
29035,11.09050634912192
29037,9.527689767654572
29039,12.589717740731983
29041,11.812842576533539
29043,9.189133680196583
29045,11.444412382358609
29047,8.36506348428099
29049,10.106956934985275
29051,8.63945689253736
29053,9.87660415051533
29055,10.622456450996609
29057,12.000393402122516
29059,11.312597361743231
29061,11.094530779686096
29063,10.73034337190257
29065,12.019184194507618
29067,12.374611524571876
29069,12.359496686913417
29071,10.591060010873985
29073,11.771277157178314
29075,10.820397948343693
29077,8.887298146314698
29079,11.171895179644695
29081,11.254133657802429
29083,11.214074199575531
29085,14.01118835778097
29087,10.573769041819508
29089,10.27115208901542
29091,10.953816387530113
29093,11.22859511951815
29095,10.012490300809223
29097,9.929409395283464
29099,9.792223048859013
29101,8.887563033303886
29103,10.575580642347477
29105,11.568782653569665
29107,11.24747999490336
29109,9.90082439088293
29111,11.621956493274165
29113,9.772065909479789
29115,10.99958374005615
29117,10.903912733953945
29119,11.576809576385322
29121,11.148162648632878
29123,11.568930640647201
29125,11.461267981447241
29127,10.801010793314502
29129,10.828536925516973
29131,10.624500903443177
29133,12.915262093919832
29135,9.987850499748818
29137,11.39437796069018
29139,11.194109144120183
29141,11.819134375382966
29143,13.04608313425734
29145,10.45685094421548
29147,9.675418852008328
29149,11.84500374734484
29151,9.547023848130305
29153,13.320501244445875
29155,12.31880995873161
29157,9.904239283421783
29159,10.887429343919216
29161,10.478901870136323
29163,10.800695012765411
29165,8.132779180384958
29167,10.752443086686482
29169,8.822586736219586
29171,12.818539469394008
29173,10.413556775721537
29175,10.428157575035979
29177,11.172352260489582
29179,12.81856235038795
29181,12.199021323272172
29183,7.881848524838298
29185,12.910985942418856
29186,10.772491141066551
29187,11.254817624772388
29189,9.849867945553699
29195,10.525361739708895
29197,11.560789650558014
29199,11.43471626115527
29201,11.575510389423146
29203,11.393625862928197
29205,10.545352329076774
29207,11.724746204051549
29209,11.92923486839912
29211,10.80312394568483
29213,10.972359213799168
29215,12.20216784910141
29217,10.337411666348508
29219,10.713399604387535
29221,11.144202198906203
29223,13.099605488832044
29225,10.326391432308334
29227,11.607389572674169
29229,11.851551944947976
29510,11.241655557581915
30001,7.301187823237605
30003,10.737704313047006
30005,10.837828627122372
30007,8.529070056861356
30009,7.856894539252844
30011,8.459483274940432
30013,8.381078698318502
30015,9.406287722684832
30017,8.516443700109066
30019,8.072146276486425
30021,8.407334692133878
30023,8.269711522169397
30025,8.688178405420105
30027,7.722973453173594
30029,6.508351242082911
30031,4.2170405016537496
30033,8.82017030574004
30035,11.140258906015122
30037,9.851837095953499
30039,9.226222299489393
30041,8.805439179574728
30043,6.7766755220765384
30045,7.98577495425301
30047,9.183439171257769
30049,6.271418036133756
30051,8.02590067539991
30053,8.689103081427247
30055,9.815418426130668
30057,8.31601866080535
30059,8.39883496167622
30061,8.82304641803142
30063,5.541113426191684
30065,9.78220567196562
30067,6.455956256099494
30069,6.184000920886148
30071,10.151625229505806
30073,9.576140834801036
30075,9.719992429747549
30077,8.167746946894376
30079,8.99990665926949
30081,7.497191448712184
30083,7.4399666606923365
30085,10.698480412483585
30087,8.549833082869194
30089,8.931545972701256
30091,9.776907959982946
30093,7.63467564702121
30095,7.767267723570753
30097,8.272850208688684
30099,8.597832683095143
30101,7.564849370970542
30103,9.423958294231328
30105,9.364147144979857
30107,8.944857959168274
30109,9.452390514382794
30111,7.35314365894599
31001,7.828328784044206
31003,8.846930795041677
31005,8.139807490256551
31007,10.292786423548002
31009,9.176867800208557
31011,8.983010112322782
31013,7.871410285492734
31015,9.628311363469404
31017,9.77020905422222
31019,6.8542850552158745
31021,10.871100413925527
31023,8.178837302295117
31025,7.833645755667829
31027,9.148537050280051
31029,7.901715463218087
31031,9.496112994979457
31033,7.18376411557208
31035,8.26024667147401
31037,6.997282234445505
31039,8.230276768265044
31041,8.81362756594848
31043,7.882241707873949
31045,8.24000351837234
31047,7.080026211112357
31049,8.79639415665386
31051,9.124245182773425
31053,8.447379954466902
31055,6.988849084815259
31057,10.002079721742152
31059,9.223929122913036
31061,9.973300493366663
31063,7.950389702709314
31065,9.313232092905286
31067,9.360909998982338
31069,10.5216356508339
31071,9.626183924782131
31073,8.49987795465962
31075,7.551541624857758
31077,9.963111981311016
31079,7.834199339688837
31081,7.530144081077091
31083,9.396973948182463
31085,9.603743730568123
31087,9.473430075933791
31089,8.823397910762477
31091,8.573243330728282
31093,9.649933618425676
31095,9.953075087343668
31097,8.95378221095671
31099,7.847820247271693
31101,9.03850420356373
31103,10.298402277478269
31105,10.002613471059968
31107,10.258179536071326
31109,5.934943418689539
31111,7.910864167121518
31113,9.211961718739415
31115,10.72754475720485
31117,9.131908837799388
31119,7.554583251860536
31121,8.859859083909694
31123,8.534174463081378
31125,7.6536656879942475
31127,8.008746871916872
31129,10.60435930789482
31131,9.21554016938559
31133,10.946725605878141
31135,8.175592385190114
31137,8.20292147680759
31139,8.90977670950387
31141,7.41731141417485
31143,8.718574276669905
31145,7.897206878918128
31147,10.76559081580858
31149,10.114037726802419
31151,8.454416609153894
31153,5.825261479581823
31155,8.209296482675972
31157,8.077351463817754
31159,7.400066816174586
31161,10.34417615389755
31163,9.89397858707488
31165,9.799733282849143
31167,7.741619102617436
31169,10.090663303179692
31171,8.429687774171958
31173,11.592251944386069
31175,8.711411511780765
31177,6.9686811928531
31179,7.32930074760176
31181,10.79385020219792
31183,9.080176623930274
31185,8.054049502033255
32001,8.411740232114376
32003,7.290347086116466
32005,7.158905892363856
32007,6.221946561583892
32009,8.957870594279349
32011,6.836089291375936
32013,5.905655650175895
32015,6.582879649532858
32017,8.296455808539692
32019,9.136695561741327
32021,10.737753993595106
32023,11.110167261560914
32027,7.498886737048107
32029,8.594595672194396
32031,6.009025948346402
32033,7.993510682572088
32510,6.942513996527042
33001,8.575051830693003
33003,8.68375822265133
33005,7.963203469516018
33007,9.903047523561789
33009,7.376480955434336
33011,7.509840970967927
33013,7.484461700314683
33015,7.029346617256725
33017,7.862066384882391
33019,8.799335915203796
34001,9.270267389304728
34003,7.742060173062822
34005,8.618865764818176
34007,9.358106214001278
34009,9.108821152562312
34011,9.717994215275247
34013,10.24059892584706
34015,8.58025944383859
34017,7.616958170377143
34019,6.394603178356628
34021,8.246415686488076
34023,7.83212387282945
34025,7.133005004046199
34027,6.877528416531137
34029,10.293484757844853
34031,8.418107462380705
34033,9.813268974612846
34035,6.789692478955033
34037,7.770825564862111
34039,8.939975296209441
34041,8.332701591103728
35001,6.659423217820159
35003,10.979393528167625
35005,8.844192819218401
35006,10.326248747277209
35007,8.323296515416093
35009,8.865992898687614
35011,10.069078129148554
35013,7.144094421232992
35015,8.028965068667867
35017,8.550055085851204
35019,7.263800924903268
35021,10.335371813990374
35023,8.697890465577686
35025,9.38411716256431
35027,9.34108960854283
35028,5.4977294260639145
35029,9.585670400462053
35031,11.03154616475453
35033,8.534063833410693
35035,8.955061614497811
35037,10.086456051172533
35039,7.89519925008641
35041,8.253692520980948
35043,7.187492084140396
35045,9.473891858193902
35047,6.9087912124464435
35049,5.3425256016431995
35051,11.679198055469326
35053,8.697836666063363
35055,6.484247212149768
35057,9.307279393574763
35059,9.192586441739168
35061,7.884556932302296
36001,8.058277690582006
36003,8.025294222708752
36005,9.317167982329028
36007,9.08236983267482
36009,9.76686398072517
36011,8.423855887031914
36013,9.479076442464738
36015,9.100149144630246
36017,9.579938009743975
36019,8.808000754922654
36021,8.977821241305392
36023,7.703043736478354
36025,9.8024966777206
36027,7.443304079581211
36029,8.936461090800162
36031,9.364768712097792
36033,9.122883280993943
36035,9.116228269782834
36037,8.791487087351818
36039,9.509473548341472
36041,9.253478544033067
36043,8.920097157585843
36045,8.697001350632014
36047,10.20124667643814
36049,8.442607712732379
36051,7.9253930086842805
36053,8.58819540948119
36055,8.22723412381398
36057,8.497724018318454
36059,8.02633246639125
36061,5.663516453287388
36063,8.843322101040856
36065,9.921390645261303
36067,8.83889930512798
36069,6.976672982281521
36071,8.025572074424392
36073,8.93668582327518
36075,9.097651259438653
36077,7.654811215857184
36079,6.814288577276691
36081,9.294924906992987
36083,8.472417984955703
36085,8.807731312443629
36087,8.718215091533533
36089,8.737468020693964
36091,7.972307215896374
36093,8.455836532350594
36095,9.40308967183666
36097,9.452774952850111
36099,9.04823820781249
36101,8.413560383759531
36103,7.472506601359889
36105,8.646540306794332
36107,9.081147692317519
36109,7.558981839945255
36111,7.561651924534323
36113,7.696978583337955
36115,8.77841485883882
36117,8.857471877107688
36119,6.9698034998737315
36121,8.415984644837243
36123,9.140482678913468
37001,10.333713340784046
37003,10.001171199949246
37005,11.909569086258351
37007,12.680514200779548
37009,10.531157114120525
37011,9.895340609189436
37013,12.051204714286081
37015,13.888320389122404
37017,13.193030601768829
37019,10.223044694609797
37021,9.082092901775823
37023,10.887120976994684
37025,8.835354069027565
37027,10.420082374031866
37029,9.502793899874609
37031,10.818782165645331
37033,12.750230773990742
37035,10.60595594952142
37037,9.911788952864404
37039,12.393695012830314
37041,12.877431590732112
37043,12.088706502847703
37045,11.765222181797037
37047,11.80850122094832
37049,11.000897661067281
37051,10.743723870678341
37053,9.124037157281585
37055,8.742532835281052
37057,11.183306294569055
37059,10.460448876581092
37061,11.707327203285047
37063,9.198200951508037
37065,13.950347517431704
37067,10.014193209258867
37069,11.124120588235515
37071,10.996437643991298
37073,12.31651420317466
37075,11.044292168027587
37077,10.719330497217095
37079,11.531051496470706
37081,9.841100714006103
37083,14.292794699785212
37085,10.352423187131283
37087,10.771947486618059
37089,10.763446191376637
37091,14.157138378319406
37093,10.984150392769774
37095,11.071210536989215
37097,9.040958858641348
37099,10.129137148043213
37101,9.333358465679348
37103,12.365181883771069
37105,9.949595869259676
37107,13.305907614309211
37109,9.929167471918767
37111,11.02440705053147
37113,11.170722366078351
37115,10.86756869275698
37117,13.617118081505476
37119,8.342331832673548
37121,11.002901717175822
37123,11.334437117064775
37125,11.186394121334972
37127,12.255093910559099
37129,8.87903656341617
37131,14.987919616717845
37133,8.255629621766701
37135,6.686276189454361
37137,12.211041317269702
37139,11.571884107412524
37141,10.518138510295197
37143,12.10477612111581
37145,11.509189716420675
37147,10.297509731960783
37149,11.578153725334388
37151,11.073621835868762
37153,13.001093707640168
37155,13.956190033880489
37157,12.205642271013453
37159,11.386522385762344
37161,11.482214085200031
37163,11.967784692183463
37165,12.310631999626008
37167,11.555979409822594
37169,11.320908152031157
37171,11.389546875001184
37173,11.41283986908582
37175,11.151493089862049
37177,12.130425987218167
37179,7.445463035553268
37181,13.454298037705744
37183,7.301340355029048
37185,13.988033793043304
37187,13.388296882348229
37189,7.756982290118286
37191,10.981513869302447
37193,11.252613813396561
37195,12.33858268539542
37197,10.19806858072151
37199,10.822224283311465
38001,9.045030362517934
38003,7.605201300338086
38005,10.933791790624591
38007,7.819910020365601
38009,8.45210342668353
38011,7.874879421306086
38013,8.36253107241234
38015,6.031538558721181
38017,5.290638945361076
38019,9.10173107138324
38021,8.14585316976619
38023,10.116348895555705
38025,9.638452342348096
38027,9.603657237623723
38029,10.274502766960142
38031,10.053821500994509
38033,8.935512851443152
38035,5.733577161179792
38037,10.20171649009674
38039,8.90174950349984
38041,8.370261531315688
38043,8.25900667055091
38045,8.729390238203614
38047,9.713010696341666
38049,8.291903774777769
38051,10.922224297280978
38053,8.530798896969419
38055,8.503495879995327
38057,6.609192502921395
38059,7.311537389992705
38061,9.170334547653027
38063,8.489369180129605
38065,7.815023331549698
38067,8.128946417486372
38069,9.283709167839653
38071,7.6478336838411165
38073,9.008802080187106
38075,8.082753519261853
38077,6.997885298062697
38079,11.591547017545215
38081,8.597065091533779
38083,10.519828204331706
38085,10.907221691930042
38087,8.050865623411676
38089,6.879457128548631
38091,7.972872987185768
38093,7.659977835018756
38095,9.340255575095936
38097,7.299031515151222
38099,8.71965370120125
38101,7.09652014155673
38103,9.884044300744824
38105,7.507063839641963
39001,11.421950527478376
39003,11.72671507102143
39005,11.012722556530301
39007,11.287136844068366
39009,9.254347207832382
39011,10.385886691720847
39013,12.108747459183368
39015,11.812133313374515
39017,9.754813550396314
39019,11.004741901833611
39021,10.454530498122748
39023,11.327045634034343
39025,9.570767921106912
39027,11.438646263762749
39029,11.576884374153735
39031,11.012457112984707
39033,11.868854012186317
39035,11.636333371939504
39037,11.78790068767396
39039,10.6015293627486
39041,7.5951272083775745
39043,10.899267488548734
39045,9.927293496915148
39047,11.361503634808912
39049,9.621961207180947
39051,9.888969837064584
39053,12.379622219453328
39055,10.058608772142652
39057,10.098895106351499
39059,12.123383527730123
39061,10.36308630117214
39063,9.052737498007827
39065,11.037202295814046
39067,11.361208335610788
39069,9.601492966443113
39071,11.116642667208797
39073,11.031076609336669
39075,9.489681361948598
39077,11.510450017337584
39079,12.317705136088945
39081,11.967460760999698
39083,9.709514131322235
39085,9.900510863867511
39087,13.241032032985519
39089,10.372796555628526
39091,10.470896690276502
39093,9.760372360874845
39095,11.22074345492208
39097,10.588227853704554
39099,12.1371593435244
39101,11.989578056141804
39103,9.430544694215675
39105,12.468411320279493
39107,10.041357675300679
39109,10.421344106784325
39111,12.745990718088743
39113,11.169703853291015
39115,11.58366406209228
39117,11.339696883453787
39119,12.325511391135965
39121,12.148798835859239
39123,11.210951792608823
39125,10.105949864338701
39127,11.101472234393306
39129,10.859593785396765
39131,10.845046771101721
39133,9.887893003672806
39135,10.780687457153839
39137,9.695534978672862
39139,11.631729724961886
39141,11.078703059767202
39143,11.161097800086164
39145,11.765099979502128
39147,10.154204612269059
39149,9.796836557237453
39151,10.964725299954097
39153,10.56229619368768
39155,12.114082017969737
39157,11.752115889908609
39159,9.196201364656263
39161,11.308080141198063
39163,11.94800995431176
39165,8.481009737945362
39167,12.043634475817354
39169,9.918321806479
39171,10.780248894769452
39173,8.66792222657444
39175,10.259945535822037
40001,13.914226351153724
40003,12.990461006709348
40005,11.935079281468168
40007,10.28319158732991
40009,9.96298122445499
40011,11.211677683675042
40013,11.593460371183143
40015,12.748720652002316
40017,9.68831397541212
40019,11.50365816066406
40021,11.238038627273161
40023,13.406729345761219
40025,12.098560648429906
40027,8.585351428211728
40029,12.922096519741746
40031,10.473412685931745
40033,12.755344185935382
40035,12.438692447420268
40037,12.418647117544404
40039,9.642196948159635
40041,13.522486042665566
40043,11.642135632197526
40045,11.363078055337716
40047,10.83866832231848
40049,11.724481938261386
40051,10.629243015273143
40053,12.980051668534543
40055,11.573555818158553
40057,12.127182772291754
40059,11.316131755693977
40061,13.664363375654773
40063,12.697194877450864
40065,10.74016085545339
40067,12.139103764609478
40069,12.976743355371061
40071,11.52359361349351
40073,9.919340286915658
40075,11.978698613709204
40077,12.514032540407436
40079,12.363289932620638
40081,12.858631616866663
40083,10.424079575099869
40085,11.68060449123754
40087,9.826653062916675
40089,13.156150326168953
40091,14.281821576782793
40093,11.521948454725553
40095,13.714357446836265
40097,12.704827690374982
40099,12.136726622326409
40101,12.31213851020134
40103,11.431566035622899
40105,12.247909199339452
40107,11.87597226191866
40109,10.219175734268047
40111,13.064807785345154
40113,12.128024986086007
40115,13.290227687698813
40117,12.691858281309583
40119,8.913402251621733
40121,12.855737535388505
40123,11.78153106265278
40125,11.328480780992939
40127,13.055886625917973
40129,12.143340194827434
40131,10.476548914854561
40133,13.5965529661574
40135,12.86835406222417
40137,12.202510166764968
40139,8.039083374552193
40141,12.279222294959144
40143,10.301577191249299
40145,10.758354053616964
40147,11.287391426064163
40149,11.139639710106918
40151,11.188962070768236
40153,9.943945268780753
41001,9.690245043150753
41003,6.363946677968456
41005,7.020751183348111
41007,7.713169763090016
41009,8.3231928471083
41011,9.944412543397236
41013,9.243058004312017
41015,10.105972434309964
41017,7.110716318743012
41019,9.90752960784986
41021,7.297736342744076
41023,9.935035630601323
41025,8.655679595905921
41027,6.447278617625915
41029,8.841671826118565
41031,8.694200429108546
41033,10.34885544070328
41035,8.861297884916404
41037,8.33546484381245
41039,7.689615926749817
41041,9.332877543737412
41043,8.815177823255576
41045,8.285794084050634
41047,7.487247176015592
41049,7.622961568540623
41051,6.353826882108181
41053,7.9632660730257845
41055,8.988606493052563
41057,9.102201789752923
41059,8.467686380283318
41061,7.749554813229191
41063,9.064219350382082
41065,8.2564461637381
41067,5.901709278903244
41069,10.122428253742592
41071,7.6127692558220454
42001,8.818514431430774
42003,9.231161615073988
42005,10.396377203107168
42007,10.579889871589163
42009,10.439625682567478
42011,8.817853500175657
42013,10.692250688836328
42015,9.608171007787869
42017,7.933163107937392
42019,8.328057175930963
42021,10.22296376870592
42023,10.419164651583252
42025,9.92294593682701
42027,6.507893650092431
42029,6.648374192464602
42031,9.312837791033036
42033,10.094956916365582
42035,9.589762409222393
42037,9.109847472430307
42039,10.197386665454196
42041,7.457219942781394
42043,9.317076564210208
42045,8.668286400491656
42047,9.715141681363395
42049,9.702357739859892
42051,11.758944024012498
42053,10.214689972416338
42055,9.766623373304817
42057,9.86561448823745
42059,10.154763870076986
42061,9.685774063923704
42063,9.91620994568569
42065,10.497038748319898
42067,9.522459277541365
42069,9.714355841268672
42071,8.143270677173044
42073,10.146801421257921
42075,8.682507894849874
42077,8.287273482703608
42079,10.82964247168725
42081,9.572782869714494
42083,9.544811107870922
42085,10.471952806379814
42087,10.387245888109952
42089,8.905061859946205
42091,7.437098909386058
42093,9.291288125551638
42095,9.181907723328633
42097,10.534319343760096
42099,9.468520079765458
42101,11.313983085696409
42103,8.718997495976401
42105,10.839277135837706
42107,10.4192726137439
42109,8.453104765405529
42111,10.696151097055616
42113,11.21037184443028
42115,9.117440568919326
42117,9.616444666936458
42119,8.914622541808129
42121,9.824487216676665
42123,9.146459800340217
42125,9.448723184723658
42127,9.482280533163978
42129,9.803146902040499
42131,9.086761801376932
42133,8.503853628807484
44001,8.143108487823296
44003,8.388571141821217
44005,8.008094851811595
44007,9.32937798792934
44009,7.406494862564682
45001,12.666089069741334
45003,11.282288926315445
45005,15.326275617293955
45007,11.789029636037018
45009,14.708639870326863
45011,13.373114212233776
45013,9.327157115423136
45015,10.065182575640181
45017,13.478415233965658
45019,9.69026920031547
45021,12.490122710371152
45023,12.891638819145202
45025,12.455462501407684
45027,13.51276623098308
45029,13.294739237664363
45031,13.585397145247201
45033,14.665565754723529
45035,9.735007143283326
45037,11.850724725075416
45039,13.716391245909183
45041,12.101862468710822
45043,12.730989030954701
45045,9.592877200262736
45047,11.379564654968725
45049,13.704518799310247
45051,10.488437379646593
45053,12.139123671306848
45055,11.891104972002571
45057,11.072390802023039
45059,13.156128306602186
45061,14.083843568207582
45063,9.866097899092892
45065,15.031761148923655
45067,14.299856588844937
45069,14.121082473444577
45071,11.935653004152144
45073,10.747932125045118
45075,13.45971709457977
45077,9.330212084892496
45079,10.334061051810398
45081,12.015119195394837
45083,10.865436465777728
45085,12.77277197438128
45087,13.894732513384433
45089,14.886652560929624
45091,9.108951131041541
46003,8.937659926754403
46005,8.603842660841106
46007,11.10971176085539
46009,8.938061745995768
46011,5.806161250084455
46013,8.033543283288173
46015,8.885745539952378
46017,12.804629975183751
46019,8.517226541459666
46021,10.299199396372039
46023,10.319157758227323
46025,9.545117425878862
46027,6.880693550474227
46029,7.719871599806168
46031,12.121339301378438
46033,8.593592176024368
46035,8.24428748809825
46037,10.019753888124445
46039,9.26704117078541
46041,11.89838414997133
46043,9.119577812073908
46045,8.986017061826516
46047,9.565735706366226
46049,9.852557956440313
46051,9.080310117829043
46053,9.87866120971402
46055,8.993843593025915
46057,8.011278385454993
46059,10.419158908068232
46061,8.134284867275163
46063,7.8651648348623215
46065,7.181914751156585
46067,10.603078848599477
46069,9.95277741106425
46071,11.086720398873414
46073,10.026524199678901
46075,8.72261996641866
46077,9.321519209121988
46079,8.160560453069554
46081,7.529532565883234
46083,6.291574891571655
46085,9.47583921895642
46087,8.559865323492595
46089,10.623876186115453
46091,8.99791107124425
46093,7.694820278169866
46095,11.387024558836911
46097,9.06433645781545
46099,7.267161700899834
46101,8.599076422101216
46103,7.850598917257554
46105,10.46986178093171
46107,9.922211252791078
46109,10.457221875727821
46111,9.405151958522778
46113,11.096279794767812
46115,9.055828001190612
46117,8.776556233638466
46119,8.120543899812503
46121,11.967538206482129
46123,9.93674118851385
46125,9.754123549927451
46127,7.612331544926464
46129,10.443051849647302
46135,7.188068651922718
46137,11.182476389055076
47001,12.785722349888609
47003,12.798902717398676
47005,13.678895651366823
47007,13.4432835836195
47009,12.141418323330003
47011,12.372568589211058
47013,12.686389102955177
47015,12.378811310990296
47017,13.680105612124631
47019,12.596906832768608
47021,11.293721274576924
47023,11.080574405058968
47025,12.197605389252724
47027,13.168828259182817
47029,14.040948022209887
47031,12.774114823599374
47033,12.775467067434569
47035,13.587524295483068
47037,10.230606585794161
47039,13.532731512336374
47041,13.022274613834709
47043,12.713283524726034
47045,13.300361154067843
47047,12.837142078216504
47049,12.988925111655362
47051,12.142762819996701
47053,12.909177028174167
47055,11.836218441250512
47057,13.435479854155925
47059,13.256931884171705
47061,13.916562527987242
47063,11.927057816289368
47065,11.538635999438405
47067,14.116147214559083
47069,13.914272575484109
47071,12.816812935655824
47073,13.409464381250752
47075,14.422777025467802
47077,12.994357526660195
47079,14.018112825879609
47081,12.788479398728565
47083,12.555053141238723
47085,12.159759600178546
47087,13.77854111253197
47089,12.200816967587384
47091,12.78192484475206
47093,10.67630862707956
47095,13.124478272363755
47097,13.893572757358358
47099,12.833474830335426
47101,12.409292790768276
47103,12.886625614439868
47105,12.116569470016785
47107,13.485196189674848
47109,13.236710863221033
47111,11.87359398785122
47113,12.291579479799838
47115,12.931474376580638
47117,12.078553448780337
47119,11.493935340712722
47121,12.044970129853395
47123,12.840763881614338
47125,10.206226164602574
47127,12.431894795759613
47129,12.669175011618162
47131,13.32345305970829
47133,12.60997789462963
47135,13.092559350444226
47137,13.536895554251709
47139,13.103938027698344
47141,11.156385929885976
47143,13.471683282083092
47145,13.912352546204852
47147,11.433269292074735
47149,9.3768625356272
47151,13.64163473711186
47153,12.494436210067024
47155,12.499957236814835
47157,12.461722007227102
47159,11.7836260205856
47161,12.832449109150193
47163,12.97052964140971
47165,10.230217269809016
47167,12.590366501782816
47169,12.549601305416326
47171,13.089209045146056
47173,13.311316313729932
47175,12.791249122247505
47177,11.320086031861427
47179,11.42414094484484
47181,12.901201070564927
47183,12.204377430537106
47185,12.650413788343108
47187,8.041920437140808
47189,10.494075378885157
48001,9.731717865805859
48003,7.733638515628416
48005,10.415041295293031
48007,11.21926923390662
48009,9.762991900371173
48011,9.730624709014416
48013,8.806927365632474
48015,9.394827285204878
48017,8.480619259039731
48019,10.349294794476455
48021,8.863885647450857
48023,11.042314808173176
48025,7.817524927563769
48027,8.718984161628724
48029,6.851437258894416
48031,9.028067270881847
48033,10.104683054623132
48035,10.99746492706019
48037,11.268690303534154
48039,8.067789715553086
48041,6.775433754891036
48043,7.938341234415468
48045,9.897078121631775
48047,9.147567912694411
48049,10.39034059011317
48051,11.076855908943783
48053,10.199706327100651
48055,8.708693002897887
48057,8.566392161612834
48059,10.35565605533258
48061,7.872651285266339
48063,10.876353900691234
48065,10.29359395330813
48067,11.541711255873654
48069,8.334184149233367
48071,8.673011802129237
48073,11.259437458494675
48075,9.421806864663784
48077,10.930697230575076
48079,9.513759993643106
48081,11.219114918466904
48083,11.32202490943452
48085,6.508758958463562
48087,10.150480225048838
48089,10.497980559614254
48091,8.282945139480637
48093,10.636030326050413
48095,8.202295813238576
48097,9.399066104293222
48099,8.30657955075853
48101,11.396127183505468
48103,7.750251580919092
48105,7.660755145111425
48107,9.952906913458815
48109,8.381510990699635
48111,7.608991596097177
48113,8.444001477989234
48115,8.239988481016148
48117,8.24109439604523
48119,12.054374942626277
48121,6.673448743705919
48123,10.99388873986746
48125,10.289321711597728
48127,8.455861066949678
48129,10.900117997602198
48131,8.70137355048243
48133,11.04113758016926
48135,8.999855610431268
48137,10.191532381712275
48139,8.159366222143479
48141,7.3272478527423335
48143,8.1301370711063
48145,11.77063532717728
48147,10.569661205016432
48149,10.849938872790274
48151,10.589226703168547
48153,9.828032957268388
48155,10.756138809703709
48157,7.129069350951143
48159,10.900889232305541
48161,10.201843926927577
48163,7.617138840423456
48165,7.6598231394550975
48167,8.707502072758926
48169,8.212057898777992
48171,10.72824422771216
48173,7.81821168362648
48175,10.063351273684761
48177,9.895170760376029
48179,9.846947180504698
48181,9.889522988058722
48183,10.500046126248623
48185,10.23939342381632
48187,7.6838879891262355
48189,9.111790204119226
48191,11.395037982496577
48193,11.610591682281308
48195,8.145762487473847
48197,10.563638689091515
48199,10.915594647844308
48201,7.490290642307347
48203,11.084692305711295
48205,7.9898476340216344
48207,10.4267274845432
48209,6.284534427457393
48211,8.348942611898845
48213,11.487120645707554
48215,7.5372455655738495
48217,9.984748301426038
48219,8.672804645844167
48221,10.277499939819096
48223,10.21974021986317
48225,12.491547380750337
48227,8.855867320954477
48229,8.001339998345763
48231,9.829586025461804
48233,9.716007228334986
48235,8.619551049198215
48237,8.844656005631592
48239,9.720629001541367
48241,11.344759152898236
48243,9.82166930592683
48245,11.248565878550407
48247,8.104287107807219
48249,8.176836446577381
48251,8.56993210888192
48253,9.775925709043559
48255,8.802603836104602
48257,9.574051372042884
48259,8.046423845313821
48261,7.883273022470836
48263,10.641448301562127
48265,11.091389392071552
48267,10.146641359961615
48269,9.063303281017818
48271,10.289862089606316
48273,8.082532425303
48275,10.434707836432537
48277,11.915448019775031
48279,9.116438354127819
48281,9.900191059254004
48283,7.143199114848685
48285,11.120730685172964
48287,10.164805699408605
48289,11.44741989252944
48291,9.448124913372462
48293,11.200455912944841
48295,7.938975375409053
48297,10.415775180824372
48299,12.06088905648802
48301,8.86189588754472
48303,8.504702204308868
48305,9.81787339974606
48307,10.234714124897025
48309,9.79577922306988
48311,10.651322499160294
48313,10.06294771873284
48315,13.203931012291033
48317,8.567239811731193
48319,10.930602024302061
48321,9.38765781577925
48323,7.893041819819428
48325,8.429683425465283
48327,11.565367086187408
48329,8.166875302600637
48331,10.180532366049643
48333,10.691584929380548
48335,8.465740621753985
48337,9.934736857475125
48339,7.605654924916784
48341,7.4670836775207405
48343,12.169037753972058
48345,11.318142630322773
48347,9.78398045684679
48349,10.208801600694997
48351,11.651542777935914
48353,10.042264597470615
48355,8.38519044610919
48357,7.584323247283828
48359,8.828107850976092
48361,10.682022745691736
48363,10.52299277317316
48365,10.781660045320235
48367,9.574167415335408
48369,7.799329641742182
48371,7.416532284263312
48373,11.531920707092993
48375,10.130933645057082
48377,9.239642987367954
48379,10.881251755690903
48381,8.795741462484203
48383,7.143147952789005
48385,10.685518192755156
48387,12.276157347904876
48389,7.861025315112856
48391,10.016121371437178
48393,8.503062746064234
48395,10.799878736972275
48397,8.446402640272417
48399,9.996612255595972
48401,9.959773005316816
48403,12.72920886993577
48405,12.770547944604763
48407,11.41221668686344
48409,9.12799613449869
48411,9.736260289781923
48413,8.481923305121315
48415,9.401135679631262
48417,9.970021441687386
48419,10.463443080872448
48421,8.725907940749009
48423,10.305879455336372
48425,9.352103676220525
48427,7.80015889001709
48429,9.70091637937946
48431,8.52475037377815
48433,10.4423432879039
48435,7.546356141849528
48437,10.414048524159867
48439,8.305550978595608
48441,8.664546531157763
48443,9.753812455220688
48445,9.447578458273464
48447,11.041169096670531
48449,8.6741734859254
48451,9.243892350507235
48453,5.427031075028865
48455,11.79351943737538
48457,11.199626812494744
48459,10.920797974476493
48461,8.463280626568324
48463,9.012925843087006
48465,8.517836184128507
48467,12.11599175376295
48469,9.009331114098423
48471,9.39051897223899
48473,9.626227917541863
48475,8.685184506986566
48477,10.332395093724406
48479,7.664356024066592
48481,10.06911620246364
48483,9.788203382573592
48485,10.032594969316698
48487,9.809855655258106
48489,8.239546267485297
48491,6.168161704455505
48493,8.253642115783506
48495,7.8633038683486225
48497,8.398651341480518
48499,11.788108060139933
48501,7.542422040844884
48503,9.932159290527684
48505,7.9378357377204125
48507,8.071984373798324
49001,8.371056424655825
49003,7.621824221476219
49005,5.712944564785535
49007,8.373208516933445
49009,8.15308638275313
49011,6.1411314950351406
49013,7.8606338909134115
49015,7.995462549671849
49017,8.189820119981277
49019,6.795992009008613
49021,7.22983425578669
49023,7.867684400389111
49025,8.799283621945525
49027,8.551619577594026
49029,6.884669173797456
49031,7.958812638336068
49033,7.078018083238646
49035,6.065615026719755
49037,10.45659455155459
49039,7.908511016997775
49041,8.71461611231918
49043,3.9619563184475295
49045,7.014547446603457
49047,7.636833908671757
49049,5.71942800863446
49051,5.423952840193107
49053,8.026887199531469
49055,7.617621229022308
49057,6.743976153689143
50001,6.49151576305409
50003,8.102980135893311
50005,7.581760364612735
50007,5.615048468676222
50009,9.683775477903206
50011,7.919746480950998
50013,6.904132669230521
50015,6.718090336148794
50017,7.716635516645646
50019,8.787264217063372
50021,8.062192136497078
50023,6.763434697851563
50025,7.051184325297762
50027,7.101651211614587
51001,12.527921270884509
51003,8.109432139839129
51005,11.162217851552608
51007,11.39281677712395
51009,11.772563362766768
51011,11.258400176998633
51013,6.499075953885834
51015,9.730736528086572
51017,11.405729814300418
51019,10.026596682406996
51021,10.410622004260135
51023,9.320405580474326
51025,13.142597456604149
51027,11.420305826349901
51029,12.562826788130442
51031,10.974134590804685
51033,9.891798322054072
51035,10.801781872854468
51036,13.121245859219007
51037,12.231606873357658
51041,8.261553701662455
51043,9.506441360684692
51045,9.99037655395252
51047,9.37843785244611
51049,11.355503169755911
51051,11.216941928198782
51053,11.474141336898152
51057,12.124748020309841
51059,6.024225418043297
51061,8.68400864252359
51063,9.866201013972416
51065,9.60687721246573
51067,10.179974095049793
51069,8.75751828488519
51071,11.303324973109424
51073,9.615716144898828
51075,9.752628999095466
51077,12.58768855000787
51079,9.183698513802877
51081,12.608721722001635
51083,12.78104108823509
51085,8.518179695965776
51087,9.364560927255802
51089,14.041498493198368
51091,11.131059617062299
51093,10.51355428987146
51095,10.139550595162541
51097,11.824367899871541
51099,8.9289383297327
51101,10.554352305521292
51103,13.804921607723363
51105,11.345749133833452
51107,6.491563689972727
51109,10.548899919797574
51111,12.330363354714603
51113,10.461324952166454
51115,11.425772175053371
51117,12.460826043305989
51119,11.554186109845919
51121,7.3037059960392
51125,10.349199698710134
51127,8.927020846533539
51131,13.775043743799202
51133,13.364834006460674
51135,12.626892906551861
51137,10.868629176819564
51139,10.271856286031941
51141,11.47559956744217
51143,12.173804192115526
51145,9.345578158637863
51147,10.798334712839695
51149,9.932436902078562
51153,6.88078275047866
51155,10.581831181354136
51157,10.175547300712573
51159,10.999350140433563
51161,10.073111390865346
51163,11.335323946492494
51165,9.35278185035755
51167,11.182683588748157
51169,12.418124423816531
51171,9.63015011593753
51173,10.417386767993543
51175,12.53627238365775
51177,8.951118605277847
51179,7.869384440436139
51181,12.23650070820779
51183,12.26435785265145
51185,11.506882578792935
51187,8.284254541954857
51191,11.029455085161386
51193,13.09511172399881
51195,12.367227721150636
51197,10.645156277208923
51199,8.706563972953338
51510,6.447722007279583
51520,10.819619778876978
51530,9.611381840121132
51540,7.4544947906650165
51550,9.149114776162307
51570,10.424861814209475
51580,10.86376672458262
51590,13.783152085837267
51595,13.260136908063473
51600,6.239381851832914
51610,6.530779196052208
51620,13.266431575879764
51630,8.385455936442902
51640,10.30297862179301
51650,11.237072624390608
51660,7.10154298990951
51670,11.881104853019245
51678,8.286229028108348
51680,10.179371863443091
51683,7.023528431764444
51685,7.38010832824915
51690,12.905036570188377
51700,10.854773095018833
51710,10.376836422379178
51720,9.221764152277407
51730,13.979375056801903
51735,8.64537619328036
51740,12.66900213799228
51750,7.577497603682178
51760,10.492229312376724
51770,11.16286629549452
51775,9.521623932820669
51790,10.793007525826141
51800,10.921730965681435
51810,8.318777927210563
51820,9.947157092015317
51830,8.815545544538823
51840,9.184876643122953
53001,7.9076419532733295
53003,10.082716312232176
53005,7.853061727541307
53007,7.640578753240416
53009,10.56690013032887
53011,7.91422785811426
53013,10.826081087274343
53015,9.767908335395528
53017,7.927932210196594
53019,9.967684115408225
53021,6.731003244673806
53023,11.159252093883795
53025,9.353931088435024
53027,10.595498218980756
53029,8.853219012984413
53031,9.766166591294173
53033,6.457086675869204
53035,8.230483908050683
53037,7.23509996271204
53039,9.702770918884129
53041,9.654684181909655
53043,10.310974456381405
53045,10.458865436291942
53047,10.292608610020892
53049,11.186106054717508
53051,10.034778727941218
53053,8.278265516972743
53055,8.274043160650919
53057,8.598940614410326
53059,9.378122530033878
53061,7.385740353225862
53063,8.425667583070407
53065,10.223215829570025
53067,7.886719393893105
53069,11.45054242862879
53071,8.250876336990707
53073,7.444178951534765
53075,6.402376056447838
53077,8.785235517407243
54001,12.720213520281346
54003,10.251916171494472
54005,12.255788237387934
54007,12.417728773533105
54009,12.245655406808849
54011,11.729735461450309
54013,12.752680457548378
54015,13.626764234755562
54017,12.467543708705222
54019,12.952960587397289
54021,10.86486039369188
54023,12.645877638109768
54025,12.857408362415987
54027,11.638228324153442
54029,12.420031538502913
54031,12.241985571546756
54033,12.014905727123965
54035,11.524608373558243
54037,9.989288597263112
54039,11.402769277733418
54041,11.89788396536226
54043,13.418035600256179
54045,12.77215817806542
54047,14.55822386240087
54049,11.504612768228524
54051,10.805347586206736
54053,13.158070873349683
54055,12.774341684031443
54057,10.904641467769196
54059,13.476214448094733
54061,8.830991352711264
54063,12.310928012044796
54065,11.77772153155145
54067,13.208883243893633
54069,9.910325437300715
54071,12.52425344183253
54073,11.430506886224244
54075,10.818572681391032
54077,11.90996238860891
54079,10.518490923754635
54081,12.520364851289743
54083,11.183968553423934
54085,12.226294491638463
54087,12.416376541184686
54089,13.332972896623433
54091,12.705802255066756
54093,13.31383287890832
54095,13.04102589371132
54097,10.979643521147334
54099,12.952767286099299
54101,13.257013549367475
54103,12.615275675832958
54105,11.827943288880446
54107,11.762576430719209
54109,13.127765044744367
55001,10.943042971258297
55003,8.75537822032494
55005,9.693337490753732
55007,9.420427884836872
55009,7.810220784377963
55011,9.391688878525423
55013,10.743619385211368
55015,7.645702406738805
55017,8.072998751423407
55019,8.985322925018377
55021,8.901578086262562
55023,8.742030174711035
55025,6.37471526030756
55027,8.759070387244916
55029,9.164974342414554
55031,9.318641036068291
55033,7.897253156809603
55035,7.740333993725509
55037,9.960460370895373
55039,8.703584247671797
55041,10.65368416911383
55043,8.433342482516984
55045,8.448808267908248
55047,9.252746940316698
55049,8.32794026456393
55051,9.820589405401943
55053,8.791380130933051
55055,6.938105595136704
55057,10.425592380617784
55059,8.236303188584143
55061,10.16158713874392
55063,7.714196345493979
55065,7.923961800225202
55067,9.367412652855837
55069,9.577881837365757
55071,8.69995698054738
55073,8.636124213132964
55075,9.805774070354275
55077,9.948199669997821
55078,14.264656779007879
55079,9.74773845335416
55081,9.518537717585197
55083,9.52679422703771
55085,9.353817600052713
55087,7.4217525258048385
55089,7.7089103289801715
55091,9.620573028769794
55093,7.635826054258817
55095,8.244637772711998
55097,7.710062749557936
55099,8.833846884491226
55101,8.842646350345744
55103,8.58600498239964
55105,8.786630082258673
55107,10.838288120501701
55109,7.333672573854818
55111,9.300280563969618
55113,10.65467711769606
55115,9.78200773267234
55117,8.433031497718757
55119,9.486095469175481
55121,8.704596574379304
55123,10.127330183266327
55125,10.477070761553378
55127,8.43712350767019
55129,9.968744430974098
55131,7.632422744173039
55133,6.959104237291531
55135,9.488512613204946
55137,10.169004564973912
55139,8.119139569015543
55141,9.062556689444593
56001,4.7401437340149375
56003,8.179047852552928
56005,6.283131170640857
56007,7.791698387599181
56009,7.8663582442231395
56011,7.967650204857579
56013,8.380081361836877
56015,8.880035565389864
56017,8.83653633384185
56019,7.281496322830891
56021,7.001065125957086
56023,6.331464641261836
56025,7.133743356120648
56027,9.195968156371174
56029,7.280772316314236
56031,8.68778273084285
56033,6.734068221471975
56035,5.273165917060193
56037,6.659120030876442
56039,2.4247332064080522
56041,6.341714138225042
56043,7.545827317820383
56045,7.410058444788396
