FIPS,NUI
01000,669410
01001,6682
01003,25214
01005,3810
01007,2827
01009,8807
01011,1200
01013,2803
01015,16663
01017,5039
01019,3633
01021,7552
01023,1930
01025,3928
01027,2145
01029,2065
01031,7385
01033,6715
01035,2031
01037,1473
01039,5446
01041,2236
01043,11968
01045,6623
01047,5887
01049,14262
01051,9088
01053,5665
01055,14631
01057,2223
01059,5679
01061,4051
01063,1324
01065,2451
01067,2463
01069,13917
01071,8104
01073,84467
01075,1933
01077,11483
01079,5104
01081,21210
01083,11749
01085,1646
01087,2591
01089,43122
01091,3029
01093,4258
01095,17055
01097,65567
01099,3504
01101,32111
01103,18698
01105,1596
01107,2790
01109,5457
01111,3495
01113,8399
01115,11271
01117,20680
01119,1954
01121,10600
01123,5339
01125,24688
01127,9276
01129,2666
01131,2143
01133,3611
02000,141836
02013,1385
02016,1817
02020,48944
02050,4774
02060,212
02068,322
02070,1411
02090,18725
02100,618
02105,599
02110,5863
02122,11143
02130,3119
02150,3781
02164,559
02170,18038
02180,2686
02185,2208
02188,2151
02195,822
02198,1688
02220,1977
02230,212
02240,1746
02261,2160
02270,2279
02275,539
02282,180
02290,1878
04000,1064887
04001,13861
04003,19495
04005,25921
04007,7944
04009,5102
04011,1086
04012,3529
04013,656392
04015,30454
04017,19436
04019,143361
04021,58448
04023,10734
04025,30003
04027,39122
05000,490103
05001,3066
05003,3457
05005,5991
05007,37403
05009,5949
05011,2393
05013,879
05015,5746
05017,1929
05019,3569
05021,2707
05023,4234
05025,1376
05027,3596
05029,3391
05031,16167
05033,10889
05035,8111
05037,3016
05039,1272
05041,2159
05043,2974
05045,17341
05047,2932
05049,2146
05051,17348
05053,2521
05055,6644
05057,4482
05059,5085
05061,2829
05063,6358
05065,2170
05067,2688
05069,10200
05071,4935
05073,1289
05075,2867
05077,1387
05079,1814
05081,1959
05083,3684
05085,10089
05087,3142
05089,2783
05091,6809
05093,7517
05095,1294
05097,1726
05099,1412
05101,1535
05103,3743
05105,1623
05107,3274
05109,2226
05111,4131
05113,4040
05115,10736
05117,1480
05119,60975
05121,2971
05123,3916
05125,14851
05127,2270
05129,1561
05131,25112
05133,4617
05135,2930
05137,2319
05139,6411
05141,2870
05143,41799
05145,12770
05147,1213
05149,5005
06000,6603169
06001,197333
06003,164
06005,3837
06007,36467
06009,5388
06011,4593
06013,126153
06015,3670
06017,20121
06019,187161
06021,5718
06023,23374
06025,33969
06027,2992
06029,162177
06031,25676
06033,10653
06035,3095
06037,2158922
06039,30717
06041,24205
06043,2332
06045,17048
06047,51374
06049,1566
06051,2984
06053,85820
06055,20973
06057,13589
06059,515368
06061,36271
06063,2807
06065,433323
06067,203576
06069,9692
06071,400347
06073,511840
06075,96285
06077,118365
06079,39043
06081,82752
06083,79118
06085,210490
06087,40797
06089,26453
06091,486
06093,7108
06095,50890
06097,73832
06099,92626
06101,17673
06103,11235
06105,2143
06107,97694
06109,6249
06111,133453
06113,29150
06115,12032
08000,753842
08001,88301
08003,2656
08005,92260
08007,1966
08009,621
08011,605
08013,38549
08014,5712
08015,2531
08017,347
08019,1019
08021,1556
08023,813
08025,467
08027,682
08029,5093
08031,106665
08033,414
08035,20706
08037,11102
08039,2789
08041,85534
08043,5396
08045,12431
08047,497
08049,2523
08051,3129
08053,156
08055,963
08057,277
08059,64230
08061,204
08063,1486
08065,1807
08067,8970
08069,39260
08071,2250
08073,694
08075,3017
08077,22099
08079,120
08081,2190
08083,4701
08085,7645
08087,5613
08089,2945
08091,732
08093,2463
08095,800
08097,2648
08099,2374
08101,20342
08103,1048
08105,2180
08107,3305
08109,1659
08111,122
08113,1443
08115,393
08117,5356
08119,2850
08121,840
08123,40364
08125,1927
09000,299599
09001,91817
09003,74417
09005,13259
09007,10583
09009,70740
09011,20112
09013,8615
09015,10056
10000,84181
10001,14593
10003,47654
10005,21934
11000,42737
11001,42737
12000,3804839
12001,42705
12003,3918
12005,29802
12007,3973
12009,86911
12011,392142
12013,2437
12015,23107
12017,20965
12019,28369
12021,67216
12023,11553
12027,8367
12029,2540
12031,145023
12033,49811
12035,16428
12037,1797
12039,9127
12041,3139
12043,2791
12045,2126
12047,2027
12049,7351
12051,11519
12053,28072
12055,18521
12057,256163
12059,3389
12061,24746
12063,6557
12065,2439
12067,1543
12069,47316
12071,123665
12073,44270
12075,8341
12077,1141
12079,3276
12081,60223
12083,57753
12085,22474
12086,743689
12087,16368
12089,11496
12091,29063
12093,9107
12095,252402
12097,64229
12099,260653
12101,76528
12103,162970
12105,114007
12107,13767
12109,24723
12111,59713
12113,23833
12115,58844
12117,73887
12119,8135
12121,7843
12123,3213
12125,1839
12127,84581
12129,4322
12131,10496
12133,4098
13000,1846990
13001,3886
13003,2540
13005,2528
13007,537
13009,6786
13011,3882
13013,14260
13015,20797
13017,3552
13019,4230
13021,25833
13023,1788
13025,4013
13027,3325
13029,5038
13031,15903
13033,4217
13035,3886
13037,995
13039,7412
13043,2464
13045,21503
13047,10038
13049,1882
13051,50445
13053,1254
13055,4574
13057,35444
13059,23909
13061,525
13063,61013
13065,1277
13067,126321
13069,8900
13071,10989
13073,17412
13075,3940
13077,19579
13079,2589
13081,4186
13083,2518
13085,4193
13087,5078
13089,148282
13091,3519
13093,2516
13095,16847
13097,24712
13099,1715
13101,1323
13103,8818
13105,4017
13107,4629
13109,2404
13111,4527
13113,11927
13115,18004
13117,24970
13119,4031
13121,185861
13123,6441
13125,506
13127,15121
13129,12332
13131,5901
13133,2826
13135,180039
13137,8796
13139,39891
13141,1362
13143,4962
13145,4014
13147,4703
13149,2073
13151,33350
13153,22395
13155,    1827
13157,   11215
13159,    2867
13161,    3353
13163,    3128
13165,    1775
13167,    1496
13169,    4484
13171,    3043
13173,    2492
13175,    7749
13177,    3977
13179,   11714
13181,    1520
13183,    3614
13185,   23016
13187,    5898
13189,    3684
13191,    2588
13193,    2691
13195,    5458
13197,    1787
13199,    3840
13201,    1053
13205,    3995
13207,    3905
13209,    1704
13211,    3108
13213,    8582
13215,   31001
13217,   18899
13219,    4364
13221,    3071
13223,   24009
13225,    4967
13227,    5103
13229,    3646
13231,    3110
13233,    8544
13235,    1811
13237,    3952
13239,     456
13241,    3659
13243,    1312
13245,   34304
13247,   17179
13249,     963
13251,    2481
13253,    1584
13255,   11434
13257,    4624
13259,     767
13261,    5911
13263,    1189
13265,     361
13267,    4808
13269,    1569
13271,    2523
13273,    1606
13275,    7960
13277,    9460
13279,    5666
13281,    1481
13283,    1192
13285,   12194
13287,    1869
13289,    1525
13291,    3564
13293,    4725
13295,   11338
13297,   14876
13299,    6470
13301,     996
13303,    3448
13305,    5881
13307,     584
13309,    1046
13311,    5105
13313,   25540
13315,    1395
13317,    1734
13319,    1604
13321,    4310
15000,   94510
15001,   17002
15003,   58353
15005,       .
15007,    5840
15009,   13314
16000,  255479
16001,   48670
16003,     712
16005,   12622
16007,     860
16009,    1589
16011,    9158
16013,    4089
16015,    1112
16017,    6690
16019,   14606
16021,    2070
16023,     398
16025,     258
16027,   37504
16029,     932
16031,    4586
16033,     255
16035,    1219
16037,     617
16039,    4504
16041,    2274
16043,    2712
16045,    3073
16047,    3577
16049,    2647
16051,    4801
16053,    5598
16055,   22256
16057,    5472
16059,    1250
16061,     660
16063,    1311
16065,    5648
16067,    4197
16069,    5321
16071,     628
16073,    3043
16075,    3995
16077,    1615
16079,    1886
16081,    2684
16083,   14816
16085,    1555
16087,    2007
17000, 1627886
17001,    6548
17003,     880
17005,    1493
17007,    6947
17009,     422
17011,    3639
17013,     538
17015,    1601
17017,    1849
17019,   21687
17021,    3325
17023,    1598
17025,    1451
17027,    3285
17029,    5682
17031,  852369
17033,    1937
17035,    1157
17037,   11622
17039,    1514
17041,    2914
17043,   84915
17045,    1785
17047,     650
17049,    3131
17051,    2401
17053,    1260
17055,    4432
17057,    3360
17059,     638
17061,    1493
17063,    4561
17065,     916
17067,    1929
17069,     451
17071,     869
17073,    4667
17075,    2967
17077,    7444
17079,    1065
17081,    3777
17083,    2176
17085,    2427
17087,    1150
17089,   69419
17091,   12596
17093,   10039
17095,    4985
17097,   74500
17099,   11544
17101,    1452
17103,    3143
17105,    3291
17107,    2312
17109,    3223
17111,   29721
17113,   14092
17115,   10982
17117,    4708
17119,   26491
17121,    4058
17123,    1155
17125,    1501
17127,    1574
17129,    1131
17131,    1440
17133,    2298
17135,    2428
17137,    3051
17139,    1513
17141,    5340
17143,   18121
17145,    2171
17147,    1366
17149,    1852
17151,     458
17153,     762
17155,     566
17157,    2687
17159,    1649
17161,   15557
17163,   26939
17165,    2618
17167,   18889
17169,     924
17171,     511
17173,    2441
17175,     565
17177,    4664
17179,   11304
17181,    2045
17183,    8262
17185,    1167
17187,    2056
17189,    1331
17191,    1799
17193,    1458
17195,    5865
17197,   63730
17199,    7022
17201,   37135
17203,    3065
18000,  911674
18001,    5551
18003,   54657
18005,   11108
18007,    1328
18009,    1760
18011,    5134
18013,    2211
18015,    2702
18017,    6913
18019,   15391
18021,    3668
18023,    5316
18025,    1550
18027,    5701
18029,    5672
18031,    3690
18033,    5932
18035,   15582
18037,    5378
18039,   36179
18041,    3424
18043,    9161
18045,    2210
18047,    2930
18049,    3046
18051,    3557
18053,    9289
18055,    4709
18057,   23620
18059,    7544
18061,    5197
18063,   13743
18065,    6623
18067,    9911
18069,    4707
18071,    6693
18073,    4232
18075,    3089
18077,    4508
18079,    4247
18081,   15820
18083,    4949
18085,   12899
18087,    8294
18089,   76445
18091,   15279
18093,    6717
18095,   17230
18097,  149123
18099,    7605
18101,    1343
18103,    4958
18105,   19757
18107,    5273
18109,    9062
18111,    2094
18113,    8097
18115,     788
18117,    2911
18119,    3362
18121,    2491
18123,    2289
18125,    1588
18127,   19016
18129,    2506
18131,    1856
18133,    4011
18135,    3765
18137,    3501
18139,    2341
18141,   39971
18143,    3448
18145,    6053
18147,    2350
18149,    3486
18151,    4693
18153,    2551
18155,    1594
18157,   25469
18159,    1976
18161,    1079
18163,   22700
18165,    2079
18167,   14894
18169,    3892
18171,    1042
18173,    6048
18175,    4224
18177,    9776
18179,    3281
18181,    3884
18183,    3951
19000,  263528
19001,     610
19003,     394
19005,    1830
19007,    1246
19009,     591
19011,    2001
19013,   12128
19015,    2052
19017,    1405
19019,    1792
19021,    2519
19023,    1255
19025,     788
19027,    1534
19029,    1225
19031,    1351
19033,    3512
19035,     937
19037,    1141
19039,    1027
19041,    1485
19043,    1841
19045,    3481
19047,    2185
19049,    4950
19051,    1209
19053,     815
19055,    1483
19057,    3177
19059,    1273
19061,    6983
19063,    1074
19065,    1981
19067,    1336
19069,    1229
19071,     561
19073,     747
19075,     854
19077,     920
19079,    1390
19081,     984
19083,    1499
19085,    1188
19087,    1851
19089,     904
19091,     843
19093,     593
19095,    1110
19097,    1801
19099,    2821
19101,    1874
19103,   11322
19105,    1603
19107,     976
19109,    1172
19111,    3195
19113,   15612
19115,    1388
19117,     872
19119,    1152
19121,    1215
19123,    1890
19125,    2132
19127,    4429
19129,    1116
19131,     895
19133,     823
19135,     770
19137,     889
19139,    4269
19141,    1266
19143,     663
19145,    1178
19147,     790
19149,    1787
19151,     597
19153,   35771
19155,    9027
19157,    1282
19159,     526
19161,     951
19163,   14939
19165,     899
19167,    3216
19169,    7242
19171,    1972
19173,     644
19175,    1116
19177,     745
19179,    3591
19181,    2977
19183,    2173
19185,     688
19187,    3166
19189,     847
19191,    1479
19193,   12569
19195,     654
19197,    1273
20000,  348974
20001,    1524
20003,     986
20005,    1791
20007,     594
20009,    3949
20011,    1805
20013,    1283
20015,    6202
20017,     354
20019,     576
20021,    2701
20023,     336
20025,     236
20027,     893
20029,    1065
20031,     866
20033,     254
20035,    4262
20037,    5420
20039,     353
20041,    2203
20043,     903
20045,   13792
20047,     445
20049,     422
20051,    3034
20053,     604
20055,    6443
20057,    6811
20059,    2603
20061,    4868
20063,     342
20065,     321
20067,    1359
20069,    1087
20071,     178
20073,     808
20075,     519
20077,     827
20079,    4030
20081,     735
20083,     257
20085,    1616
20087,    1933
20089,     393
20091,   47693
20093,     735
20095,     887
20097,     316
20099,    2609
20101,     230
20103,    6237
20105,     472
20107,    1223
20109,     375
20111,    5488
20113,    2903
20115,1360
20117,1040
20119,675
20121,3036
20123,608
20125,4567
20127,671
20129,453
20131,997
20133,1978
20135,383
20137,516
20139,1669
20141,489
20143,678
20145,659
20147,656
20149,2291
20151,1167
20153,320
20155,7290
20157,551
20159,1238
20161,8246
20163,689
20165,393
20167,934
20169,7087
20171,663
20173,67415
20175,4992
20177,20740
20179,291
20181,866
20183,439
20185,724
20187,499
20189,1042
20191,2619
20193,980
20195,331
20197,709
20199,194
20201,782
20203,411
20205,1208
20207,494
20209,31782
21000,621065
21001,3163
21003,3312
21005,2705
21007,1126
21009,6186
21011,1887
21013,4356
21015,12680
21017,3299
21019,6151
21021,3428
21023,1276
21025,2032
21027,3420
21029,9293
21031,2123
21033,1867
21035,5323
21037,9625
21039,780
21041,1806
21043,4182
21045,2853
21047,10378
21049,4737
21051,3000
21053,1726
21055,1407
21057,1122
21059,11746
21061,2136
21063,1052
21065,2294
21067,46375
21069,2433
21071,5982
21073,6819
21075,892
21077,1516
21079,2810
21081,3730
21083,6197
21085,3971
21087,1829
21089,5302
21091,1068
21093,14189
21095,4617
21097,2740
21099,2917
21101,6160
21103,2435
21105,649
21107,6367
21109,2235
21111,104897
21113,7328
21115,3378
21117,20971
21119,2349
21121,4611
21123,2176
21125,9718
21127,2509
21129,1014
21131,1621
21133,3681
21135,2425
21137,3923
21139,1424
21141,4963
21143,946
21145,8320
21147,3022
21149,1348
21151,11945
21153,2521
21155,2689
21157,3907
21159,1557
21161,2357
21163,4314
21165,1146
21167,2834
21169,1740
21171,1919
21173,3930
21175,1993
21177,4630
21179,6201
21181,1124
21183,3440
21185,5389
21187,1503
21189,777
21191,2128
21193,4375
21195,9886
21197,2033
21199,9504
21201,360
21203,2763
21205,3682
21207,2834
21209,5459
21211,6088
21213,2372
21215,2228
21217,3786
21219,2302
21221,2199
21223,1228
21225,2244
21227,18641
21229,1633
21231,3357
21233,2080
21235,5140
21237,1069
21239,3438
22000,783015
22001,10827
22003,3987
22005,15030
22007,3708
22009,7098
22011,6098
22013,2310
22015,19185
22017,45889
22019,32070
22021,1744
22023,1116
22025,1910
22027,2395
22029,3659
22031,4518
22033,67396
22035,1165
22037,3016
22039,5072
22041,4018
22043,3453
22045,13361
22047,4445
22049,2508
22051,81795
22053,5436
22055,39212
22057,17152
22059,2376
22061,8738
22063,21322
22065,1910
22067,5079
22069,7115
22071,71494
22073,28011
22075,3451
22077,3727
22079,23240
22081,1571
22083,3918
22085,4977
22087,8058
22089,6996
22091,2198
22093,2893
22095,7325
22097,13685
22099,9482
22101,10887
22103,32759
22105,21580
22107,1025
22109,21663
22111,3909
22113,10411
22115,8339
22117,8737
22119,6805
22121,3675
22123,2166
22125,1505
22127,2412
23000,139781
23001,10619
23003,8512
23005,26682
23007,3502
23009,6830
23011,11763
23013,4124
23015,3981
23017,6551
23019,17506
23021,2063
23023,3317
23025,5934
23027,4461
23029,4657
23031,19279
24000,595770
24001,6532
24003,41444
24005,74430
24009,6079
24011,4179
24013,11343
24015,9184
24017,11771
24019,3764
24021,20290
24023,3473
24025,18512
24027,20707
24029,2056
24031,108936
24033,123225
24035,4076
24037,8544
24039,2489
24041,3848
24043,14323
24045,11781
24047,5543
24510,79242
25000,267661
25001,9394
25003,4818
25005,23821
25007,1017
25009,34271
25011,3059
25013,21922
25015,5547
25017,56751
25019,693
25021,17676
25023,17891
25025,39996
25027,30805
26000,1130594
26001,1320
26003,1057
26005,12709
26007,3418
26009,2925
26011,1924
26013,1074
26015,6063
26017,11704
26019,2273
26021,20443
26023,5272
26025,16098
26027,6218
26029,3103
26031,3417
26033,4870
26035,3896
26037,6784
26039,1575
26041,4390
26043,2482
26045,10187
26047,3946
26049,43672
26051,3056
26053,1856
26055,10434
26057,4159
26059,5465
26061,4468
26063,3747
26065,30572
26067,6752
26069,2953
26071,1353
26073,9388
26075,16252
26077,28020
26079,2279
26081,68190
26083,257
26085,1534
26087,9938
26089,2584
26091,9653
26093,15875
26095,706
26097,1794
26099,98573
26101,2861
26103,7364
26105,3385
26107,5533
26109,2899
26111,7595
26113,1975
26115,13034
26117,7418
26119,1194
26121,19418
26123,6402
26125,117057
26127,4239
26129,2629
26131,798
26133,2802
26135,1156
26137,2755
26139,27159
26141,1567
26143,2652
26145,19493
26147,17543
26149,7842
26151,5519
26153,1132
26155,7820
26157,6716
26159,9914
26161,28581
26163,259755
26165,3711
27000,462930
27001,1575
27003,27678
27005,3508
27007,5826
27009,3356
27011,436
27013,5475
27015,1733
27017,3242
27019,5395
27021,3196
27023,1054
27025,3962
27027,4512
27029,1087
27031,545
27033,1048
27035,5369
27037,30765
27039,1572
27041,2790
27043,1294
27045,2042
27047,2693
27049,3728
27051,522
27053,111547
27055,1439
27057,1895
27059,3153
27061,4203
27063,814
27065,1527
27067,3863
27069,350
27071,1299
27073,547
27075,839
27077,440
27079,2289
27081,498
27083,2235
27085,2882
27087,695
27089,855
27091,1609
27093,2121
27095,2686
27097,3272
27099,3924
27101,745
27103,2177
27105,2913
27107,631
27109,10643
27111,4630
27113,1082
27115,2885
27117,981
27119,2688
27121,848
27123,53298
27125,434
27127,1536
27129,1372
27131,5219
27133,778
27135,1307
27137,16330
27139,9372
27141,6736
27143,1476
27145,13098
27147,2763
27149,756
27151,757
27153,3024
27155,355
27157,1659
27159,1246
27161,1514
27163,13804
27165,1398
27167,512
27169,4228
27171,9515
27173,840
28000,516526
28001,5387
28003,6369
28005,2563
28007,3383
28009,1654
28011,5613
28013,3097
28015,1916
28017,3284
28019,1478
28021,1631
28023,3117
28025,3718
28027,4274
28029,5283
28031,3738
28033,25055
28035,13818
28037,1443
28039,4198
28041,2106
28043,3483
28045,8708
28047,36601
28049,43666
28051,3416
28053,1734
28055,213
28057,3735
28059,23961
28061,2858
28063,1428
28065,2339
28067,13298
28069,2002
28071,8635
28073,9739
28075,12579
28077,2288
28079,4720
28081,12540
28083,5955
28085,6128
28087,9886
28089,12612
28091,5033
28093,6994
28095,6276
28097,1811
28099,6193
28101,3989
28103,2556
28105,8165
28107,6199
28109,10531
28111,2289
28113,6849
28115,6067
28117,4264
28119,1500
28121,19386
28123,6777
28125,876
28127,4926
28129,3109
28131,3124
28133,4694
28135,2447
28137,4878
28139,4279
28141,3642
28143,1701
28145,5462
28147,3169
28149,7648
28151,8897
28153,3901
28155,1847
28157,1570
28159,3537
28161,2139
28163,4153
29000,801665
29001,3612
29003,2084
29005,681
29007,3667
29009,5892
29011,1953
29013,2481
29015,2878
29017,2025
29019,20580
29021,11978
29023,6356
29025,1426
29027,5039
29029,6336
29031,9119
29033,1213
29035,1177
29037,11284
29039,2193
29041,988
29043,11517
29045,1136
29047,25607
29049,2716
29051,7777
29053,2204
29055,3771
29057,1303
29059,2708
29061,1465
29063,1213
29065,2417
29067,2287
29069,4779
29071,13109
29073,2246
29075,1141
29077,39498
29079,1395
29081,1317
29083,3232
29085,1657
29087,726
29089,1298
29091,6322
29093,1659
29095,105061
29097,20554
29099,25090
29101,7165
29103,789
29105,5496
29107,4119
29109,6460
29111,1380
29113,7227
29115,1633
29117,1847
29119,5002
29121,2210
29123,1935
29125,1553
29127,3608
29129,642
29131,4196
29133,2016
29135,2393
29137,1356
29139,1926
29141,3502
29143,2596
29145,9544
29147,2577
29149,1952
29151,1885
29153,1736
29155,2381
29157,2485
29159,6980
29161,6536
29163,2418
29165,8247
29167,4751
29169,6830
29171,776
29173,1364
29175,3343
29177,2853
29179,1010
29181,2344
29183,31102
29185,1461
29186,2320
29187,7909
29189,105356
29195,3355
29197,759
29199,861
29201,5277
29203,1521
29205,916
29207,4358
29209,5142
29211,1236
29213,9094
29215,3958
29217,3141
29219,4041
29221,3706
29223,2206
29225,6735
29227,341
29229,3191
29510,56450
30000,178926
30001,1803
30003,3570
30005,1768
30007,1077
30009,1777
30011,260
30013,13268
30015,1298
30017,1827
30019,279
30021,1248
30023,1377
30025,454
30027,2058
30029,18217
30031,15204
30033,328
30035,3637
30037,194
30039,595
30041,3249
30043,1642
30045,459
30047,6776
30049,8416
30051,443
30053,3859
30055,325
30057,1562
30059,394
30061,831
30063,20252
30065,921
30067,2815
30069,108
30071,957
30073,1295
30075,372
30077,988
30079,197
30081,7311
30083,1741
30085,2482
30087,2004
30089,2611
30091,563
30093,5403
30095,1227
30097,594
30099,1147
30101,836
30103,134
30105,1440
30107,441
30109,184
30111,24710
31000,205574
31001,3483
31003,802
31005,65
31007,99
31009,86
31011,519
31013,1207
31015,282
31017,425
31019,4876
31021,762
31023,690
31025,2126
31027,996
31029,546
31031,816
31033,912
31035,746
31037,1923
31039,1129
31041,1313
31043,3575
31045,1196
31047,4124
31049,239
31051,742
31053,4252
31055,62769
31057,257
31059,584
31061,364
31063,308
31065,581
31067,1974
31069,245
31071,303
31073,197
31075,84
31077,333
31079,8804
31081,767
31083,390
31085,166
31087,369
31089,1222
31091,93
31093,687
31095,774
31097,505
31099,587
31101,1004
31103,126
31105,473
31107,1192
31109,29315
31111,3491
31113,110
31115,81
31117,73
31119,4291
31121,830
31123,620
31125,466
31127,701
31129,473
31131,1508
31133,304
31135,328
31137,779
31139,803
31141,3959
31143,521
31145,1115
31147,1007
31149,257
31151,1790
31153,13607
31155,1800
31157,4655
31159,1210
31161,754
31163,379
31165,175
31167,640
31169,477
31171,109
31173,1173
31175,475
31177,1512
31179,930
31181,412
31183,120
31185,1235
32000,560498
32001,4480
32003,411710
32005,7156
32007,9764
32009,193
32011,321
32013,3549
32015,1031
32017,1041
32019,9819
32021,816
32023,7417
32027,1131
32029,684
32031,89866
32033,1441
32510,10080
33000,137349
33001,7264
33003,6421
33005,8284
33007,4252
33009,10534
33011,40037
33013,14536
33015,26511
33017,14310
33019,5201
34000,1114220
34001,39762
34003,102969
34005,39601
34007,61993
34009,11338
34011,23309
34013,129486
34015,26785
34017,128466
34019,7711
34021,42577
34023,107086
34025,65427
34027,39020
34029,57432
34031,89751
34033,7227
34035,27597
34037,13373
34039,82718
34041,10594
35000,405848
35001,119288
35003,754
35005,14355
35006,5619
35007,2208
35009,9359
35011,388
35013,47333
35015,8240
35017,4612
35019,685
35021,116
35023,955
35025,13469
35027,4248
35028,719
35029,5559
35031,21384
35033,906
35035,13453
35037,1574
35039,8267
35041,4285
35043,21759
35045,30820
35047,5067
35049,29558
35051,1888
35053,3667
35055,6861
35057,3514
35059,697
35061,14241
36000,2155975
36001,22962
36003,4073
36005,200788
36007,18647
36009,8683
36011,7380
36013,11040
36015,6736
36017,5078
36019,6932
36021,5912
36023,4014
36025,4633
36027,25275
36029,73146
36031,3576
36033,5478
36035,5213
36037,5772
36039,4370
36041,535
36043,5937
36045,10922
36047,350327
36049,2934
36051,4722
36053,5666
36055,62687
36057,4455
36059,112045
36061,164518
36063,19201
36065,20465
36067,41865
36069,8440
36071,37563
36073,4045
36075,11172
36077,5211
36079,7778
36081,398418
36083,12977
36085,39131
36087,31219
36089,10693
36091,14908
36093,13731
36095,2885
36097,1771
36099,3141
36101,10257
36103,142747
36105,9089
36107,4184
36109,8797
36111,18759
36113,5535
36115,5741
36117,8947
36119,96658
36121,3645
36123,2544
37000,1528388
37001,26250
37003,5888
37005,2361
37007,3566
37009,4802
37011,3146
37013,7345
37015,2776
37017,6306
37019,16708
37021,39692
37023,15180
37025,28041
37027,13168
37029,1372
37031,10172
37033,3352
37035,25458
37037,9898
37039,4462
37041,2262
37043,1753
37045,14563
37047,9840
37049,15694
37051,46766
37053,3657
37055,5814
37057,25869
37059,5566
37061,13448
37063,45720
37065,8618
37067,55677
37069,10790
37071,34029
37073,1685
37075,1602
37077,7701
37079,3892
37081,79123
37083,8187
37085,21940
37087,8476
37089,17270
37091,3254
37093,10205
37095,985
37097,24419
37099,8064
37101,28539
37103,1728
37105,10993
37107,9743
37109,12939
37111,6276
37113,6205
37115,3042
37117,3562
37119,153236
37121,2363
37123,5322
37125,12516
37127,14277
37129,32394
37131,2929
37133,22619
37135,18420
37137,1800
37139,5638
37141,8817
37143,1860
37145,5719
37147,25098
37149,3017
37151,26244
37153,8545
37155,31245
37157,13989
37159,22158
37161,10649
37163,12607
37165,5883
37167,9033
37169,6664
37171,12864
37173,2718
37175,4939
37177,752
37179,31208
37181,7273
37183,126877
37185,3362
37187,1650
37189,7908
37191,20883
37193,11603
37195,13652
37197,6641
37199,3179
38000,65997
38001,234
38003,987
38005,1017
38007,102
38009,731
38011,291
38013,168
38015,6728
38017,14579
38019,324
38021,475
38023,189
38025,468
38027,242
38029,425
38031,262
38033,197
38035,6071
38037,363
38039,206
38041,233
38043,312
38045,376
38047,261
38049,644
38051,294
38053,866
38055,907
38057,676
38059,2733
38061,1143
38063,302
38065,186
38067,693
38069,445
38071,1166
38073,464
38075,215
38077,1429
38079,2467
38081,289
38083,162
38085,604
38087,69
38089,2123
38091,201
38093,1688
38095,231
38097,679
38099,1168
38101,6289
38103,387
38105,2235
39000,1338208
39001,3980
39003,11144
39005,6467
39007,12782
39009,8445
39011,4609
39013,8029
39015,5626
39017,40693
39019,3777
39021,4538
39023,15482
39025,22400
39027,4733
39029,13919
39031,5270
39033,5186
39035,150000
39037,6735
39039,4450
39041,11637
39043,8551
39045,14709
39047,3582
39049,158636
39051,4595
39053,3630
39055,9604
39057,13619
39059,5047
39061,94671
39063,8771
39065,3923
39067,1960
39069,3179
39071,6022
39073,3596
39075,8819
39077,7550
39079,4256
39081,7969
39083,7192
39085,24855
39087,7707
39089,18065
39091,5269
39093,32556
39095,55164
39097,4331
39099,27382
39101,7903
39103,16281
39105,3181
39107,4542
39109,11161
39111,1700
39113,63646
39115,2156
39117,4188
39119,10040
39121,1762
39123,4014
39125,2337
39127,4671
39129,5712
39131,3679
39133,17543
39135,5046
39137,3388
39139,13445
39141,8398
39143,6667
39145,9700
39147,6552
39149,5333
39151,42476
39153,63683
39155,25080
39157,11789
39159,4560
39161,3086
39163,1753
39165,16764
39167,7278
39169,15117
39171,4254
39173,11602
39175,2610
40000,695537
40001,5389
40003,824
40005,2850
40007,1164
40009,3859
40011,1676
40013,8950
40015,6159
40017,16366
40019,9667
40021,11066
40023,2903
40025,547
40027,40315
40029,1252
40031,18854
40033,1071
40035,2609
40037,13194
40039,5555
40041,9258
40043,847
40045,632
40047,10504
40049,5245
40051,9122
40053,746
40055,800
40057,635
40059,752
40061,2734
40063,2535
40065,4575
40067,1334
40069,2102
40071,8809
40073,3088
40075,1600
40077,1935
40079,11042
40081,6429
40083,7095
40085,1828
40087,6084
40089,6925
40091,4264
40093,1321
40095,3612
40097,8436
40099,2495
40101,13589
40103,1699
40105,1917
40107,2316
40109,145748
40111,7203
40113,7997
40115,6341
40117,3157
40119,13479
40121,8103
40123,6844
40125,12793
40127,2478
40129,722
40131,12843
40133,4940
40135,8404
40137,7095
40139,5325
40141,1583
40143,112949
40145,12218
40147,7980
40149,2033
40151,1211
40153,3515
41000,589681
41001,2247
41003,10516
41005,46635
41007,5969
41009,6259
41011,8762
41013,3264
41015,3061
41017,23680
41019,15780
41021,272
41023,1071
41025,1226
41027,4686
41029,34591
41031,4400
41033,11875
41035,11438
41037,1133
41039,54203
41041,7264
41043,17604
41045,4973
41047,57115
41049,2074
41051,122296
41053,10224
41055,242
41057,4048
41059,13693
41061,3489
41063,1004
41065,4846
41067,74642
41069,210
41071,14888
42000,1249474
42001,10260
42003,102407
42005,6731
42007,14931
42009,5711
42011,43331
42013,11540
42015,6906
42017,45580
42019,14608
42021,12267
42023,487
42025,6572
42027,14137
42029,40278
42031,4308
42033,7953
42035,4235
42037,6208
42039,10382
42041,18142
42043,26808
42045,47008
42047,2890
42049,28531
42051,14553
42053,523
42055,18061
42057,1556
42059,3307
42061,4282
42063,8726
42065,5079
42067,2940
42069,20866
42071,62012
42073,8830
42075,12113
42077,38986
42079,31820
42081,12590
42083,3980
42085,10693
42087,5674
42089,20728
42091,55679
42093,1524
42095,26962
42097,9714
42099,5617
42101,213320
42103,6130
42105,1904
42107,14197
42109,4667
42111,8218
42113,692
42115,4928
42117,4692
42119,3662
42121,5454
42123,4229
42125,17800
42127,5276
42129,29638
42131,2701
42133,42941
44000,110145
44001,3514
44003,12447
44005,6414
44007,79006
44009,8763
45000,755487
45001,3981
45003,23055
45005,1400
45007,29735
45009,2323
45011,3261
45013,26746
45015,33404
45017,2397
45019,57179
45021,9342
45023,5081
45025,8185
45027,5525
45029,7255
45031,10657
45033,5899
45035,21045
45037,3812
45039,3575
45041,20891
45043,10085
45045,75781
45047,11408
45049,3352
45051,58806
45053,5725
45055,10403
45057,12764
45059,10906
45061,2954
45063,41085
45065,1068
45067,5781
45069,4393
45071,5857
45073,11439
45075,16397
45077,19660
45079,50613
45081,4223
45083,46417
45085,17506
45087,4359
45089,5814
45091,33942
46000,94966
46003,359
46005,2196
46007,633
46009,585
46011,3642
46013,3253
46015,684
46017,395
46019,1494
46021,144
46023,1340
46025,454
46027,1732
46029,3021
46031,717
46033,857
46035,2020
46037,795
46039,494
46041,1260
46043,356
46045,419
46047,808
46049,264
46051,833
46053,608
46055,265
46057,687
46059,346
46061,404
46063,200
46065,1789
46067,722
46069,172
46071,607
46073,197
46075,162
46077,509
46079,1061
46081,3036
46083,3622
46085,696
46087,588
46089,284
46091,634
46093,3225
46095,382
46097,237
46099,18701
46101,855
46103,12634
46105,488
46107,227
46109,1559
46111,308
46113,2221
46115,651
46117,387
46119,150
46121,1385
46123,789
46125,854
46127,967
46129,664
46135,2387
46137,552
47000,918356
47001,9447
47003,8060
47005,2424
47007,2074
47009,16424
47011,15233
47013,5497
47015,1933
47017,3638
47019,8340
47021,5235
47023,2388
47025,4177
47027,1224
47029,5447
47031,7630
47033,2283
47035,8156
47037,105807
47039,1691
47041,3172
47043,7573
47045,4910
47047,4532
47049,2639
47051,5050
47053,6551
47055,4075
47057,3558
47059,10164
47061,2028
47063,10395
47065,45805
47067,983
47069,3148
47071,3822
47073,7439
47075,2608
47077,3763
47079,4556
47081,3635
47083,1138
47085,2556
47087,1760
47089,7306
47091,2309
47093,54572
47095,695
47097,3516
47099,6146
47101,1910
47103,4547
47105,6405
47107,7339
47109,3689
47111,3981
47113,13508
47115,3942
47117,5022
47119,10998
47121,1642
47123,7097
47125,25444
47127,829
47129,2767
47131,4144
47133,3166
47135,1244
47137,879
47139,2542
47141,12171
47143,4574
47145,6409
47147,10326
47149,39817
47151,3462
47153,2075
47155,16914
47157,148501
47159,2737
47161,1887
47163,19688
47165,21253
47167,7540
47169,1208
47171,2541
47173,3057
47175,837
47177,7078
47179,17287
47181,2399
47183,4920
47185,3837
47187,15370
47189,13860
48000,5771479
48001,9977
48003,3718
48005,18441
48007,4601
48009,1799
48011,397
48013,10472
48015,5600
48017,1996
48019,4212
48021,16520
48023,710
48025,4807
48027,56516
48029,355799
48031,2443
48033,84
48035,3768
48037,16440
48039,59324
48041,40943
48043,2106
48045,470
48047,1486
48049,7231
48051,3879
48053,9445
48055,9208
48057,4457
48059,2813
48061,130812
48063,2997
48065,793
48067,5739
48069,2348
48071,6135
48073,12337
48075,1091
48077,1986
48079,873
48081,740
48083,1914
48085,118130
48087,922
48089,4464
48091,19343
48093,3591
48095,531
48097,8251
48099,10773
48101,372
48103,971
48105,925
48107,1378
48109,690
48111,2137
48113,661690
48115,2604
48117,5407
48119,1060
48121,109404
48123,3607
48125,439
48127,2327
48129,752
48131,2321
48133,4012
48135,34106
48137,535
48139,30594
48141,222890
48143,10246
48145,3525
48147,6544
48149,4544
48151,760
48153,1404
48155,346
48157,109413
48159,2088
48161,3704
48163,2915
48165,5586
48167,53506
48169,863
48171,4833
48173,278
48175,1212
48177,5184
48179,4989
48181,24472
48183,24825
48185,5730
48187,24399
48189,7936
48191,936
48193,1688
48195,1448
48197,882
48199,9285
48201,1077233
48203,13702
48205,922
48207,1135
48209,31933
48211,854
48213,17827
48215,277389
48217,7909
48219,4957
48221,9393
48223,8539
48225,4683
48227,5710
48229,1066
48231,18881
48233,4555
48235,335
48237,1689
48239,2788
48241,7349
48243,498
48245,49520
48247,1249
48249,8128
48251,34547
48253,3318
48255,2104
48257,22342
48259,5692
48261,80
48263,120
48265,9580
48267,1166
48269,36
48271,644
48273,6585
48275,983
48277,10129
48279,3544
48281,4533
48283,1265
48285,3665
48287,3590
48289,3781
48291,17072
48293,4619
48295,876
48297,1867
48299,3129
48301,17
48303,56959
48305,1289
48307,1829
48309,49278
48311,123
48313,2913
48315,2117
48317,1161
48319,805
48321,8653
48323,17012
48325,9623
48327,560
48329,29337
48331,4995
48333,1123
48335,1304
48337,4276
48339,91039
48341,6047
48343,2477
48345,259
48347,14774
48349,11129
48351,2758
48353,3062
48355,72299
48357,2952
48359,321
48361,15277
48363,6409
48365,4431
48367,21278
48369,2839
48371,3372
48373,9623
48375,30300
48377,2364
48379,2480
48381,19803
48383,921
48385,880
48387,2513
48389,2463
48391,1299
48393,132
48395,3705
48397,13230
48399,2196
48401,10978
48403,1872
48405,1786
48407,6305
48409,12805
48411,1281
48413,791
48415,3192
48417,734
48419,6568
48421,890
48423,44424
48425,1679
48427,18820
48429,2123
48431,243
48433,295
48435,996
48437,1574
48439,389324
48441,24116
48443,216
48445,2734
48447,408
48449,8810
48451,23369
48453,215707
48455,3120
48457,3840
48459,8270
48461,817
48463,6246
48465,12026
48467,11668
48469,17980
48471,12561
48473,10799
48475,2418
48477,6098
48479,84685
48481,9733
48483,1315
48485,23480
48487,2730
48489,4837
48491,68716
48493,7908
48495,1688
48497,12138
48499,8418
48501,1965
48503,3938
48505,4493
48507,2845
49000,417274
49001,1183
49003,6331
49005,16131
49007,2585
49009,163
49011,34198
49013,3205
49015,1466
49017,749
49019,1875
49021,9101
49023,1479
49025,953
49027,2326
49029,1042
49031,255
49033,353
49035,161846
49037,3047
49039,4612
49041,3237
49043,5125
49045,7732
49047,6214
49049,77279
49051,4572
49053,24318
49055,552
49057,35346
50000,40681
50001,2466
50003,2439
50005,2263
50007,9112
50009,565
50011,3377
50013,517
50015,1840
50017,2001
50019,2234
50021,3977
50023,3551
50025,2954
50027,3383
51000,979509
51001,5485
51003,10588
51005,1810
51007,2122
51009,4289
51011,2082
51013,20143
51015,8603
51017,603
51019,8359
51021,729
51023,3131
51025,2107
51027,2938
51029,2483
51031,7422
51033,3892
51035,4535
51036,1210
51037,2002
51041,36246
51043,1436
51045,666
51047,6787
51049,1702
51051,2089
51053,3599
51057,1553
51059,119119
51061,7188
51063,2331
51065,2796
51067,8156
51069,9929
51071,2232
51073,4677
51075,1608
51077,2247
51079,2893
51081,1014
51083,4775
51085,8295
51087,37772
51089,8552
51091,427
51093,3717
51095,6030
51097,1069
51099,2122
51101,2050
51103,1337
51105,3260
51107,27802
51109,4723
51111,1822
51113,1995
51115,1067
51117,4603
51119,1362
51121,12040
51125,2201
51127,2089
51131,2048
51133,1610
51135,2179
51137,4311
51139,3512
51141,2671
51143,8970
51145,3075
51147,2819
51149,3198
51153,53105
51155,4367
51157,947
51159,1091
51161,8503
51163,3054
51165,11556
51167,4108
51169,2937
51171,6140
51173,4578
51175,2188
51177,14959
51179,12542
51181,912
51183,1402
51185,6039
51187,5141
51191,7033
51193,2742
51195,5182
51197,4159
51199,5635
51510,18109
51515,741
51520,2212
51530,883
51540,6789
51550,24062
51570,2147
51580,742
51590,5732
51595,788
51600,2517
51610,843
51620,1129
51630,3738
51640,1158
51650,16070
51660,8778
51670,3558
51678,614
51680,9468
51683,7496
51685,3347
51690,1763
51700,24313
51710,33579
51720,415
51730,4829
51735,977
51740,12548
51750,2290
51760,32957
51770,15082
51775,2609
51790,3106
51800,9441
51810,51174
51820,2928
51830,1441
51840,4511
53000,937962
53001,4222
53003,2662
53005,25618
53007,12871
53009,10017
53011,58237
53013,467
53015,13890
53017,7601
53019,1296
53021,18558
53023,277
53025,18468
53027,12219
53029,8730
53031,3436
53033,238836
53035,27870
53037,6296
53039,3326
53041,11357
53043,1352
53045,9269
53047,8177
53049,3376
53051,1764
53053,108599
53055,2440
53057,18908
53059,1505
53061,93958
53063,63016
53065,6383
53067,30531
53069,510
53071,8541
53073,32960
53075,5591
53077,54828
54000,272782
54001,2708
54003,15815
54005,3356
54007,2399
54009,3060
54011,13587
54013,1387
54015,1492
54017,1273
54019,7516
54021,1147
54023,1855
54025,5604
54027,4422
54029,4061
54031,2120
54033,11090
54035,4350
54037,7327
54039,26419
54041,2508
54043,3588
54045,5818
54047,3847
54049,8778
54051,4433
54053,3408
54055,9659
54057,4038
54059,4270
54061,13800
54063,2334
54065,2975
54067,4232
54069,5193
54071,1265
54073,929
54075,1469
54077,5253
54079,6864
54081,10680
54083,4313
54085,1689
54087,2541
54089,2026
54091,2579
54093,1141
54095,1330
54097,3755
54099,6464
54101,1496
54103,2263
54105,966
54107,12497
54109,3395
55000,494532
55001,1772
55003,1710
55005,4090
55007,1716
55009,24369
55011,1223
55013,1674
55015,3317
55017,4931
55019,5226
55021,4125
55023,1375
55025,35265
55027,6619
55029,2412
55031,4036
55033,3543
55035,8465
55037,452
55039,7973
55041,1135
55043,4876
55045,2977
55047,1693
55049,1889
55051,538
55053,1915
55055,6639
55057,2582
55059,15433
55061,1558
55063,8564
55065,1892
55067,1801
55069,2244
55071,6177
55073,11540
55075,3549
55077,1384
55078,545
55079,113409
55081,4354
55083,3471
55085,2886
55087,13423
55089,4342
55091,687
55093,3199
55095,3878
55097,5524
55099,1162
55101,17580
55103,1626
55105,14906
55107,1309
55109,5719
55111,5848
55113,1840
55115,4079
55117,9276
55119,1869
55121,2566
55123,3205
55125,2335
55127,9388
55129,1501
55131,7692
55133,19733
55135,4182
55137,2524
55139,12711
55141,5087
56000,84035
56001,6105
56003,2099
56005,6735
56007,2302
56009,1730
56011,1090
56013,7514
56015,1725
56017,760
56019,1295
56021,12087
56023,2873
56025,10475
56027,378
56029,4129
56031,1201
56033,4160
56035,1593
56037,6545
56039,4039
56041,2993
56043,1244
56045,962
