FIPS,frac_uninsured
1001,0.12093023255813953
1003,0.13508489014374267
1005,0.13942765132108614
1007,0.1243402533427164
1009,0.15261580050947027
1011,0.1119194180190263
1013,0.1344493476592479
1015,0.1415285044506353
1017,0.14817973298829618
1019,0.13933954665746173
1021,0.17258558435029023
1023,0.14180749448934607
1025,0.1537437864495675
1027,0.15684410646387834
1029,0.13788728632478633
1031,0.14628397115917915
1033,0.12330150569225119
1035,0.15394527400894414
1037,0.12956284633652915
1039,0.14306730415593968
1041,0.1608285981442854
1043,0.14875026411623601
1045,0.13214549372493464
1047,0.13625107042840282
1049,0.19977867738727254
1051,0.11355741596901162
1053,0.14819368509168912
1055,0.1403641736060478
1057,0.13028189650120142
1059,0.1789563244469654
1061,0.15091457735722535
1063,0.14833071924714317
1065,0.15939389998049033
1067,0.14151106004021832
1069,0.13580210772833723
1071,0.15211637728765837
1073,0.1284339082425962
1075,0.13516537305083562
1077,0.12401585433024094
1079,0.14988840596734407
1081,0.1471659624071106
1083,0.13730118848675368
1085,0.14806152739048303
1087,0.12154618379696955
1089,0.12698104206788105
1091,0.14613083751447317
1093,0.13858421480878763
1095,0.1816584118868829
1097,0.15868947523827504
1099,0.15371792059662207
1101,0.1401162435529336
1103,0.15583224989165584
1105,0.1517398745008557
1107,0.14406692140865435
1109,0.1653686475347738
1111,0.1532424255710966
1113,0.15301233353373048
1115,0.1336202297542412
1117,0.10445763353958833
1119,0.1446121965660154
1121,0.12950993927694357
1123,0.12877782869823198
1125,0.12551348273477855
1127,0.13915182790537195
1129,0.1537840332256576
1131,0.18663995819543633
1133,0.14839319470699433
2013,0.4260227622270071
2016,0.32527747941281776
2020,0.16512987648323027
2050,0.2733310431695866
2060,0.20443587270973965
2068,0.17173333333333332
2070,0.2843038484787427
2090,0.19087665647298674
2100,0.24027993779160187
2105,0.2837517764092847
2110,0.18222222222222223
2122,0.19767957565328462
2130,0.22868245472541976
2150,0.2738465995509524
2164,0.3383777239709443
2170,0.1964260434929381
2180,0.27313402481187715
2185,0.23154362416107382
2188,0.27855477855477856
2195,0.2532347504621072
2198,0.26465976795233614
2220,0.22196025597844393
2230,0.22129436325678498
2240,0.24440089585666294
2261,0.2218342405258293
2275,0.22637547249055018
2282,0.27522935779816515
2290,0.32786312849162014
4001,0.19147407826939813
4003,0.14662304452466907
4005,0.1931721640111487
4007,0.14852484762367724
4009,0.13758325917536338
4011,0.12649970879440886
4012,0.17217993754879002
4013,0.16957501874286648
4015,0.1502899301700101
4017,0.1809093870712524
4019,0.14512925484098252
4021,0.15462147526368558
4023,0.22550420168067226
4025,0.1421013744565166
4027,0.19315786095517407
5001,0.16239406779661017
5003,0.15963243442925748
5005,0.14513081395348837
5007,0.1634832246446492
5009,0.16054513560922953
5011,0.2090869375273045
5013,0.1662254160363086
5015,0.20937944102321174
5017,0.16511170076179063
5019,0.15555942989147017
5021,0.17103683578694637
5023,0.16321023822372985
5025,0.158799769186382
5027,0.14561062520246193
5029,0.16036129764494467
5031,0.16434721615110146
5033,0.1761147681508677
5035,0.16055027711797307
5037,0.169953792403922
5039,0.15746471898984898
5041,0.16987961287276734
5043,0.15885903530794296
5045,0.14910960729855458
5047,0.1628707921342073
5049,0.17452830188679244
5051,0.17955432273823446
5053,0.1404143923359697
5055,0.15548067022371992
5057,0.19913804594126272
5059,0.1535557904272988
5061,0.20468851747341002
5063,0.1726263202193804
5065,0.1598055821489064
5067,0.15055449759157613
5069,0.1341522759854274
5071,0.1920831387202242
5073,0.17095490716180373
5075,0.16578962586017465
5077,0.13496156465894715
5079,0.12665828794861053
5081,0.15109911299652912
5083,0.1653278283893551
5085,0.14527625383385892
5087,0.200369874370257
5089,0.16709696787751427
5091,0.15563428571428572
5093,0.16328525501781216
5095,0.1603469640644362
5097,0.18394969625919216
5099,0.15673215673215674
5101,0.18543126359023918
5103,0.14548917479690598
5105,0.15617782909930716
5107,0.15289777238126373
5109,0.1980603256517484
5111,0.1689847009735744
5113,0.1964789417371851
5115,0.17137566644318872
5117,0.17253439030076942
5119,0.15764938879351356
5121,0.16529431400912428
5123,0.14005722460658082
5125,0.13513070854678302
5127,0.20226320948053106
5129,0.1934564382203495
5131,0.19787406724503384
5133,0.26896190143306536
5135,0.1696190806993169
5137,0.18458966807291252
5139,0.1549486404833837
5141,0.16688957376286562
5143,0.20111820548228626
5145,0.16347483230068105
5147,0.16873000417304215
5149,0.2281741509003875
6001,0.12880584379175455
6003,0.1478809738503156
6005,0.10225455708346658
6007,0.16576888634328393
6009,0.11945195761096085
6011,0.21496770570064588
6013,0.11832841521546233
6015,0.1289257359657135
6017,0.11124995162084009
6019,0.1990024412650346
6021,0.2028666713971475
6023,0.1728296473754649
6025,0.1927570690075868
6027,0.1625821876867902
6029,0.1909123656243084
6031,0.16903782217979527
6033,0.16582609507798637
6035,0.09026481567895474
6037,0.218327070824665
6039,0.2021360603308722
6041,0.09475175861299553
6043,0.1282164064218166
6045,0.19496351867523615
6047,0.19783732160598896
6049,0.1648941771085606
6051,0.20712153814118137
6053,0.2037719900179743
6055,0.15204436711613745
6057,0.13757947596484835
6059,0.16875821085542214
6061,0.10166123385923656
6063,0.14255243512264487
6065,0.19378117528998554
6067,0.14186461064165765
6069,0.17258142060934134
6071,0.19406576520459828
6073,0.16297045364524762
6075,0.11804377249678792
6077,0.17032332148104232
6079,0.14397660559931558
6081,0.1135270174052261
6083,0.18572387663791848
6085,0.11610883969489229
6087,0.15401138560038657
6089,0.14864325730629402
6091,0.15647134578235672
6093,0.1591117677344257
6095,0.12218898114222326
6097,0.1514064650019174
6099,0.17878947561444045
6101,0.1867905383981229
6103,0.17761722578809244
6105,0.1562408865558472
6107,0.21836721921213095
6109,0.11413907103326087
6111,0.1606499042381971
6113,0.14418772598891016
6115,0.16584881733473011
8001,0.19533890806123352
8003,0.16459069219805417
8005,0.15748434715517654
8007,0.1636832903172092
8009,0.16282118510749868
8011,0.09569756406200569
8013,0.1282414661490301
8014,0.09946887244231606
8015,0.1405564502693397
8017,0.18625872249060654
8019,0.1125718073353955
8021,0.18708668991222796
8023,0.22298409215578716
8025,0.07988368114950394
8027,0.16134374260704992
8029,0.16767630210048068
8031,0.17224006549530826
8033,0.20363994097393015
8035,0.07076385732398746
8037,0.21452725551197077
8039,0.11990541702493551
8041,0.13429716706364098
8043,0.11379884851424595
8045,0.22212493745979559
8047,0.09129316678912565
8049,0.17348552568245892
8051,0.20241945917971277
8053,0.18886198547215496
8055,0.14765409383624656
8057,0.20072463768115942
8059,0.1189741879914423
8061,0.1400137268359643
8063,0.18119741494939642
8065,0.24514991181657847
8067,0.17320614814242682
8069,0.12860872613155042
8071,0.1497304851267718
8073,0.1277849383170687
8075,0.13654055032585083
8077,0.15015763868127088
8079,0.16877637130801687
8081,0.16314064362336114
8083,0.1845918247143362
8085,0.18693302687238672
8087,0.1968644781144781
8089,0.15609264853977844
8091,0.1643466546924113
8093,0.15308595935110944
8095,0.18306636155606407
8097,0.15459162823282152
8099,0.18992
8101,0.12730857089213632
8103,0.15452668829253907
8105,0.18294729775092314
8107,0.14210775250462226
8109,0.2685335059889932
8111,0.17604617604617603
8113,0.19283709742082053
8115,0.16568296795952783
8117,0.19147719147719147
8119,0.12216554502979125
8121,0.1745635910224439
8123,0.15606911831233156
8125,0.18974005513981881
9001,0.09884593439481532
9003,0.08295682437124954
9005,0.07016531899580881
9007,0.06366671679951873
9009,0.08187414714430058
9011,0.07360939295674643
9013,0.056272984395106244
9015,0.084914502849905
10001,0.08830434835227341
10003,0.08787257425669545
10005,0.10947404146577626
11001,0.06887765380505644
12001,0.17101016330159136
12003,0.14471983156650536
12005,0.17567065730605316
12007,0.139447544838721
12009,0.15962906093421692
12011,0.21933240821997338
12013,0.16500778657999865
12015,0.1447163229390434
12017,0.14992026658848262
12019,0.14746718648473034
12021,0.20521400374304286
12023,0.17155203136136848
12027,0.2413325641765215
12029,0.15520928811487933
12031,0.16621928296350633
12033,0.166203978671863
12035,0.1686445201823184
12037,0.15635604280866613
12039,0.1927967891846219
12041,0.18478836757520456
12043,0.21225948741349152
12045,0.13572522982635343
12047,0.1387880862718247
12049,0.26602250931856836
12051,0.29632392663288143
12053,0.16235129461161651
12055,0.18839768889612238
12057,0.20151195125884497
12059,0.17079931458522327
12061,0.1779942025649694
12063,0.13341336371775048
12065,0.16813732248724667
12067,0.17504254112308565
12069,0.15775891386542013
12071,0.19612461005831483
12073,0.15903751230412197
12075,0.20720922144383166
12077,0.1385717755647316
12079,0.17170711253210336
12081,0.1839583594248762
12083,0.17373033038633814
12085,0.15216596476498706
12086,0.2889952089893334
12087,0.2209026128266033
12089,0.15501200075510368
12091,0.15860187181096347
12093,0.23085502801084945
12095,0.21576398137810884
12097,0.2302890579621808
12099,0.19507399854061033
12101,0.16398669729488805
12103,0.1775506357591796
12105,0.18699819082157695
12107,0.18682824883291715
12109,0.12610558530986993
12111,0.21257213241393058
12113,0.1530316747892307
12115,0.1541766885182332
12117,0.17301153925406965
12119,0.08251846141361681
12121,0.18092689566079956
12123,0.1416354419219749
12125,0.12074059483947212
12127,0.17103552312025933
12129,0.13965361251130928
12131,0.18852944874535232
12133,0.1667005654313957
13001,0.21061189095441982
13003,0.30379141251046526
13005,0.2259159964253798
13007,0.16179572160289243
13009,0.15040560308524314
13011,0.21172620670848105
13013,0.2041225307758374
13015,0.20735415815029362
13017,0.20210526315789473
13019,0.21830004644681839
13021,0.1658289521828721
13023,0.1368751435351757
13025,0.21610123855681207
13027,0.20787746170678337
13029,0.16125728186415722
13031,0.21888979119926225
13033,0.17895183534903458
13035,0.16490558030978145
13037,0.1520476772616137
13039,0.14728851618544203
13043,0.21933416414456117
13045,0.19423518147164562
13047,0.1547545633941786
13049,0.14010273207771906
13051,0.18555301751249711
13053,0.11080675090571707
13055,0.17809445937001128
13057,0.16278354161212838
13059,0.20184888138455045
13061,0.1664025356576862
13063,0.23223495647473935
13065,0.1892693048762413
13067,0.1810918755877698
13069,0.20706823945464276
13071,0.23972513089005235
13073,0.13522098053072604
13075,0.23172381344468623
13077,0.15127212603048776
13079,0.20489078822412155
13081,0.17645323104160518
13083,0.15184224808538865
13085,0.1887973344139763
13087,0.1835266905200766
13089,0.21233435766429629
13091,0.16409419445092097
13093,0.17263620145464526
13095,0.17744143916413885
13097,0.18542112174076159
13099,0.15952004464700958
13101,0.3212724623603691
13103,0.16727686616712512
13105,0.20261273075759104
13107,0.2050044286979628
13109,0.21950328707085465
13111,0.19251541569211142
13113,0.11125102604283263
13115,0.1871245348909722
13117,0.13693371574600632
13119,0.18334394614754845
13121,0.1957826788142708
13123,0.22773397447229785
13125,0.16249197174052665
13127,0.18846125084128923
13129,0.22231035477357947
13131,0.2344550836346299
13133,0.17569163817221015
13135,0.21835163249193185
13137,0.20410246890662706
13139,0.21812902590798236
13141,0.145156133432804
13143,0.17401367701209888
13145,0.1240228642051599
13147,0.18465585613883545
13149,0.17683186897551822
13151,0.16108076256164297
13153,0.15535469012306283
13155,0.18798230270603972
13157,0.18523718287526428
13159,0.2081457819079425
13161,0.222111817700053
13163,0.1860686455297127
13165,0.21803218277852843
13167,0.15063941194240257
13169,0.15519329941508322
13171,0.16736332636673634
13173,0.2376502002670227
13175,0.16134674245736774
13177,0.13898305084745763
13179,0.17983082331629285
13181,0.19296686555795353
13183,0.23707688270795066
13185,0.2062846182802445
13187,0.19340875553369405
13189,0.17023242918534265
13191,0.18190764040205243
13193,0.18567584351066033
13195,0.19411053417739527
13197,0.20427526291723822
13199,0.1777366350381856
13201,0.1738484398216939
13205,0.17037700443534629
13207,0.14629851640941105
13209,0.1872321722887595
13211,0.1735827981010891
13213,0.21763497578170568
13215,0.15865404298874106
13217,0.1879282056381445
13219,0.13115739488474137
13221,0.20759818833231933
13223,0.16693899971491943
13225,0.180264208463381
13227,0.17315326931559838
13229,0.19457786316575942
13231,0.17482714036764294
13233,0.2069316282787183
13235,0.15273677996120436
13237,0.18584528568069597
13239,0.1855166802278275
13241,0.22474049505558627
13243,0.17295017136831004
13245,0.17108458971916474
13247,0.20084880512556705
13249,0.19190912714228778
13251,0.17211238293444328
13253,0.18053339411898792
13255,0.17840815116478648
13257,0.17962862248465541
13259,0.12617206777430498
13261,0.18404583242519537
13263,0.1755499778532408
13265,0.21185446009389672
13267,0.1900169940323282
13269,0.18528578176665092
13271,0.1547093451066961
13273,0.17112413425679276
13275,0.1784193302550769
13277,0.2295447927788023
13279,0.20862329246290365
13281,0.14106105343366035
13283,0.17483132883543562
13285,0.18006763242221532
13287,0.20931795273826856
13289,0.17294171013835336
13291,0.16683050133408228
13293,0.17524664342407834
13295,0.16525287858912696
13297,0.17617660295127785
13299,0.17876384936313652
13301,0.17461430575035064
13303,0.16401864713157643
13305,0.19379819416068014
13307,0.2088698140200286
13309,0.12969621822690638
13311,0.1863818912011683
13313,0.2477807421780257
13315,0.15206017004578157
13317,0.1700166683008138
13319,0.16950227200676318
13321,0.19999071968818152
15001,0.09095237331022345
15003,0.06038939064183326
15005,
15007,0.08613188207011489
15009,0.08493292251162612
16001,0.12133586625382058
16003,0.17880462079357107
16005,0.15100976263399693
16007,0.1442468970144247
16009,0.17332024432809773
16011,0.19947289320642111
16013,0.19392933364951387
16015,0.15885714285714286
16017,0.16387419165196943
16019,0.13801118754252023
16021,0.19113573407202217
16023,0.14188948306595364
16025,0.23369565217391305
16027,0.19597023660229076
16029,0.1359988326280461
16031,0.19801381692573403
16033,0.26813880126182965
16035,0.14141531322505801
16037,0.14174132781989432
16039,0.17181003242418463
16041,0.17737909516380657
16043,0.20651842826682912
16045,0.18379186602870815
16047,0.232695810564663
16049,0.16073597279572505
16051,0.18230491741029048
16053,0.2485569665216233
16055,0.15781599007268216
16057,0.1444409249287298
16059,0.15628907226806701
16061,0.17382143797735053
16063,0.25500875316086363
16065,0.148964789661084
16067,0.2077311423480499
16069,0.13492405608945915
16071,0.1483230987246103
16073,0.267023517023517
16075,0.17709118311981914
16077,0.2074235807860262
16079,0.14863267396957996
16081,0.26380971102811085
16083,0.18982703395259448
16085,0.16181061394380852
16087,0.19788996253204497
17001,0.09743032719805973
17003,0.1097530556248441
17005,0.08446958981612447
17007,0.1282491507901344
17009,0.06141755203027216
17011,0.10499134448932487
17013,0.10617722518255378
17015,0.10518362788253072
17017,0.1356168402523104
17019,0.10699696084622672
17021,0.09575509733901624
17023,0.09852641963129663
17025,0.10571948998178507
17027,0.08611198490091224
17029,0.1060054849722953
17031,0.16345560477129767
17033,0.09790739991912657
17035,0.10442238267148014
17037,0.11136023916292975
17039,0.09149694808726658
17041,0.14696388944926367
17043,0.09187498985658564
17045,0.09694764284162503
17047,0.09727626459143969
17049,0.0913253996033135
17051,0.10731685513788942
17053,0.09035496593761205
17055,0.11076676996900929
17057,0.09093369418132612
17059,0.11566352429296592
17061,0.10779005125983683
17063,0.09108701296107682
17065,0.10876276418902873
17067,0.10134496164757802
17069,0.10525087514585764
17071,0.12041014271858112
17073,0.09275379600922172
17075,0.10051494003658784
17077,0.12346989550505888
17079,0.10933169079149985
17081,0.09744833458035553
17083,0.09513816019587268
17085,0.10719964664310955
17087,0.08948023653906007
17089,0.13356922822349598
17091,0.11096037632798322
17093,0.08590915314575204
17095,0.09460459643595924
17097,0.10629297196576368
17099,0.10155624565632396
17101,0.08625913384423455
17103,0.08849034292471424
17105,0.08473223480947477
17107,0.07628348950772074
17109,0.09921502231799292
17111,0.0965531804301215
17113,0.0825111687520859
17115,0.09927321376916401
17117,0.0984999058518317
17119,0.09864383806488129
17121,0.10404061121936212
17123,0.09245917387127761
17125,0.1036673803439464
17127,0.10270799347471452
17129,0.08885222719773744
17131,0.08809494677596966
17133,0.06915645971892022
17135,0.08136456553064575
17137,0.08588076338456342
17139,0.10134637283140197
17141,0.10047036688617121
17143,0.09709897976680384
17145,0.09740230607025888
17147,0.08183560987299306
17149,0.11320293398533007
17151,0.10193634542621856
17153,0.12695768077307565
17155,0.09479149221235973
17157,0.08060838783224336
17159,0.10162075553090529
17161,0.10553486510504644
17163,0.09977370454183503
17165,0.1049130399935882
17167,0.09496493300822001
17169,0.12364512244078683
17171,0.09766819571865444
17173,0.10942753395795042
17175,0.09674657534246575
17177,0.09846933389633696
17179,0.08325477256658025
17181,0.1155628390596745
17183,0.1015237159007127
17185,0.09873931804721212
17187,0.11523371819302769
17189,0.0911518970004109
17191,0.10817799158147925
17193,0.09989038092628118
17195,0.10071262986176698
17197,0.09365158904983241
17199,0.10521268785304386
17201,0.12647299230297665
17203,0.07874319186106259
18001,0.16144136807817588
18003,0.15235018494309552
18005,0.14309638523175225
18007,0.14987021780837378
18009,0.13900955690703737
18011,0.08869309838472834
18013,0.14676402256886822
18015,0.13446130878327942
18017,0.1778217923654697
18019,0.13798884685040075
18021,0.13644818093891822
18023,0.16089101419448565
18025,0.14614369224967
18027,0.17842947012613064
18029,0.11343546258149674
18031,0.1425976736097693
18033,0.13971783215959677
18035,0.13219424460431656
18037,0.12745585969901646
18039,0.18226655583264062
18041,0.14175705887223647
18043,0.1220978275356524
18045,0.1289757805660928
18047,0.12738576583626798
18049,0.14680933101985733
18051,0.10601770439033113
18053,0.13326733809646782
18055,0.1423604812866558
18057,0.0833739260577052
18059,0.10719411171263339
18061,0.13255962249713046
18063,0.09245455646300607
18065,0.13419378368521295
18067,0.11961716713333977
18069,0.12657989565965685
18071,0.15586865393572427
18073,0.12663076002393775
18075,0.1445078592814371
18077,0.1395838493931137
18079,0.1506295442454336
18081,0.11160178901477207
18083,0.12863566657136175
18085,0.16674207267415556
18087,0.2211910286156226
18089,0.1545189386512616
18091,0.13739860793870615
18093,0.14574925139955736
18095,0.13151165897034692
18097,0.16371652754920893
18099,0.1619773806734681
18101,0.12999709611847837
18103,0.13550150314293521
18105,0.14092413478273275
18107,0.13759002191838013
18109,0.13097079099882933
18111,0.14836332719285816
18113,0.17061401660415526
18115,0.1294136968303498
18117,0.14635495223730519
18119,0.15625580963004276
18121,0.14561290699713567
18123,0.11761985509480499
18125,0.12514776578138545
18127,0.11488711265776134
18129,0.09752490660024907
18131,0.1397169527250828
18133,0.10582555010289695
18135,0.1446574710877166
18137,0.12179933203451156
18139,0.1352085017904586
18141,0.14986689662929775
18143,0.14411703239289447
18145,0.1364856028320819
18147,0.11164425863461447
18149,0.15021977074894424
18151,0.13774581743469327
18153,0.1201375153056419
18155,0.15093267682984565
18157,0.14511175810338836
18159,0.12462945443077894
18161,0.1443478260869565
18163,0.1258510190051671
18165,0.12910637769359748
18167,0.13753047203959518
18169,0.1194341301746095
18171,0.12287735849056604
18173,0.10041340837774568
18175,0.14988290398126464
18177,0.142376534669327
18179,0.11824701769560673
18181,0.15841422628273105
18183,0.11863083621077916
19001,0.0806345009914078
19003,0.0985985985985986
19005,0.12883694733877782
19007,0.09686698281893803
19009,0.09818906795148696
19011,0.07660503043528195
19013,0.09225619960444241
19015,0.07791320195922087
19017,0.05765758371634931
19019,0.08573752452035788
19021,0.12443193044852796
19023,0.0838903743315508
19025,0.07823669579030977
19027,0.0735484489619792
19029,0.08887760284408329
19031,0.07335215550005429
19033,0.07985811087361863
19035,0.07793395991017217
19037,0.09184576994284795
19039,0.1102641185312433
19041,0.08940397350993377
19043,0.10232325477990217
19045,0.07089613034623218
19047,0.12666666666666668
19049,0.07095858598890466
19051,0.138013698630137
19053,0.09865633700520518
19055,0.08401314298663042
19057,0.0792368125701459
19059,0.0753745041151045
19061,0.0738441690283829
19063,0.10653704989584367
19065,0.09442776109442776
19067,0.08299167598459437
19069,0.11493500420836061
19071,0.07610907610907611
19073,0.08015021459227469
19075,0.06846240179573512
19077,0.08462104488594555
19079,0.08990944372574386
19081,0.08730369976044716
19083,0.08613952419262154
19085,0.08028654456984524
19087,0.09124519372966577
19089,0.09477877961836863
19091,0.0861082737487232
19093,0.08376889391156943
19095,0.06788160469667319
19097,0.09131007909146217
19099,0.07701127460347792
19101,0.10998298022184401
19103,0.08467262461204801
19105,0.07729398717392352
19107,0.0941358024691358
19109,0.07614345114345114
19111,0.08978249873545777
19113,0.07294577192998851
19115,0.12211859933133908
19117,0.09866485630233085
19119,0.09829351535836177
19121,0.07721639656816015
19123,0.08396268325188805
19125,0.06398751463129146
19127,0.10805074408392291
19129,0.07433062475023311
19131,0.08348101856170133
19133,0.08885769812135608
19135,0.09572352063649925
19137,0.08343500703894885
19139,0.09981995463792176
19141,0.08911727439110236
19143,0.10510462904248573
19145,0.07396709782745196
19147,0.08440170940170941
19149,0.07196649349603318
19151,0.08270989193682461
19153,0.08170495218212591
19155,0.09659711075441413
19157,0.06794932951714634
19159,0.10317771675166731
19161,0.09291646311675623
19163,0.0894304562815033
19165,0.07472363062089601
19167,0.09450484866294447
19169,0.07970153195985209
19171,0.11182307910405444
19173,0.10249880630272162
19175,0.08878281622911695
19177,0.09914825658770296
19179,0.10134334255235085
19181,0.0637773683533999
19183,0.0995100059531987
19185,0.10805716978168682
19187,0.08391867893020913
19189,0.07895963456698052
19191,0.07027797576621525
19193,0.12244639499654161
19195,0.0862455492549123
19197,0.09763018636398497
20001,0.11420863309352518
20003,0.12254536415610241
20005,0.10674693050423173
20007,0.12087912087912088
20009,0.14268680445151033
20011,0.12093802345058627
20013,0.12844128541395536
20015,0.09415515409139213
20017,0.12692721405521692
20019,0.15938018815716656
20021,0.1263743976044542
20023,0.12421441774491682
20025,0.11043518951801591
20027,0.1048983906965817
20029,0.11323763955342903
20031,0.10170287727539636
20033,0.13474801061007957
20035,0.11760485651214128
20037,0.13827236083473646
20039,0.1209732693625771
20041,0.11178768965342264
20043,0.11357062004779273
20045,0.12267843165160464
20047,0.14696169088507266
20049,0.15076813147552698
20051,0.10542409395739949
20053,0.09336837223682176
20055,0.173520777786755
20057,0.1979366463237431
20059,0.10058348467869702
20061,0.13789977621030566
20063,0.12709030100334448
20065,0.12182163187855788
20067,0.1723744292237443
20069,0.17807994757536041
20071,0.1419457735247209
20073,0.12229453609807779
20075,0.19741346519589198
20077,0.13924903182353932
20079,0.11611490477425303
20081,0.17433586337760912
20083,0.12927565392354123
20085,0.12016656751933373
20087,0.10182795132486962
20089,0.12718446601941746
20091,0.08626674263595337
20093,0.1852785480211747
20095,0.11230691314256774
20097,0.12358232303480642
20099,0.12177931292008962
20101,0.13038548752834467
20103,0.08089284324660839
20105,0.14676616915422885
20107,0.12731626067041432
20109,0.13567293777134587
20111,0.16307125453140786
20113,0.09937356656283161
20115,0.10840108401084012
20117,0.104010401040104
20119,0.14920424403183025
20121,0.09280430396772024
20123,0.096569250317662
20125,0.13137153377056726
20127,0.11450511945392491
20129,0.14285714285714285
20131,0.09836227308602999
20133,0.12010443864229765
20135,0.12259923175416133
20137,0.091005291005291
20139,0.10214198286413709
20141,0.12714508580343215
20143,0.11140322050607952
20145,0.09396834450306574
20147,0.1184115523465704
20149,0.10398511256354394
20151,0.12093264248704663
20153,0.12588512981904013
20155,0.11316010058675607
20157,0.11242603550295859
20159,0.12269573835480674
20161,0.11243829938094849
20163,0.13262752646775747
20165,0.12277413308341144
20167,0.13396442914515203
20169,0.12717582457021856
20171,0.13516819571865443
20173,0.13458774206428428
20175,0.21544171593802597
20177,0.11592550361079437
20179,0.11443177349587103
20181,0.1435438422012266
20183,0.1158311345646438
20185,0.16522136010953903
20187,0.22507893549842128
20189,0.18478453626529526
20191,0.10983434682323338
20193,0.12334801762114538
20195,0.11129791526563551
20197,0.10082480091012515
20199,0.1272965879265092
20201,0.13411078717201166
20203,0.1816976127320955
20205,0.13069349778210537
20207,0.14915458937198067
20209,0.2011862786678736
21001,0.16666666666666666
21003,0.16419612314709237
21005,0.12553369222201596
21007,0.13584268307395342
21009,0.14598919123026455
21011,0.1611856154437516
21013,0.15212152959664746
21015,0.10440596464359525
21017,0.16509858872985686
21019,0.12449148940476432
21021,0.11920990402003061
21023,0.15009998823667803
21025,0.14683141845509068
21027,0.16868896123113347
21029,0.12341629259741295
21031,0.16631414022718372
21033,0.14374807514628887
21035,0.14128732581287326
21037,0.10579713330988393
21039,0.1545778834720571
21041,0.16449585572456507
21043,0.1524774856892843
21045,0.178781802230856
21047,0.14105718130292363
21049,0.13356454068685503
21051,0.13878608438193932
21053,0.17006601635629126
21055,0.15153473344103394
21057,0.16334255350123744
21059,0.12079763875890864
21061,0.17412570310589387
21063,0.13291219204042956
21065,0.15674752306115478
21067,0.1539306673039645
21069,0.16785098309761987
21071,0.15025243011076783
21073,0.13809514165940986
21075,0.13261968480523342
21077,0.17668997668997669
21079,0.1669141669141669
21081,0.150951031970862
21083,0.16506845666187203
21085,0.15398037923145527
21087,0.16299795027181177
21089,0.14405651406058959
21091,0.12405622023463816
21093,0.13199315336099277
21095,0.15826820238584943
21097,0.14664953971312353
21099,0.1592422753575718
21101,0.13285310673539372
21103,0.1584770582492678
21105,0.13484313318096822
21107,0.1358177435525502
21109,0.16667909612946527
21111,0.14056737778730705
21113,0.14964569421470728
21115,0.1440634595701126
21117,0.13074108016782937
21119,0.14417234395139017
21121,0.14370753599700803
21123,0.1532070689290995
21125,0.16369087724026413
21127,0.15771938647221523
21129,0.13184241321024573
21131,0.14369293502349081
21133,0.1506630648330059
21135,0.17564826886860785
21137,0.15869099146474658
21139,0.14987896010946217
21141,0.18508987842172
21143,0.11228486646884273
21145,0.1264841362744949
21147,0.16535346903042242
21149,0.14147774979009237
21151,0.14079111760684568
21153,0.190796942405207
21155,0.13420172680540998
21157,0.12488812172356477
21159,0.12082880645661959
21161,0.13440921532846714
21163,0.14532592218292067
21165,0.17878315132605305
21167,0.13315166322119903
21169,0.1726361742236333
21171,0.1758936755270394
21173,0.1468554986734427
21175,0.14523063470086717
21177,0.1468815430492989
21179,0.14086138748807414
21181,0.15839909808342728
21183,0.14330944842526247
21185,0.08869905852919877
21187,0.1389479522973098
21189,0.16110304789550073
21191,0.14526588845654995
21193,0.15222686151704942
21195,0.15220939183987683
21197,0.16099144757681344
21199,0.14982265310948215
21201,0.1572052401746725
21203,0.16142790371582144
21205,0.15606323909634215
21207,0.1603303914912876
21209,0.11358718268830628
21211,0.14185520889158143
21213,0.1369040748008773
21215,0.12837059230237383
21217,0.15145817498099773
21219,0.18515241695487814
21221,0.1546957439324657
21223,0.13935542442124377
21225,0.14688747790796622
21227,0.16131293376486266
21229,0.13861302096596215
21231,0.16075276540726907
21233,0.15358487779664773
21235,0.1441552613865829
21237,0.1451262557697529
21239,0.13795594077284218
22001,0.1752650748684743
22003,0.1549733742760524
22005,0.13658793700415306
22007,0.15982069738373347
22009,0.16968682763566817
22011,0.16904141486943505
22013,0.16231028667790895
22015,0.15982305750631046
22017,0.17855294644073072
22019,0.1654585321810912
22021,0.17275879148093115
22023,0.16681614349775784
22025,0.18511339406861796
22027,0.14132294801439782
22029,0.1757275958121218
22031,0.16874579816239635
22033,0.15273257974745505
22035,0.15204907334899503
22037,0.14984101748807632
22039,0.14983309207999765
22041,0.19344278080015406
22043,0.1542964386254971
22045,0.181678496641375
22047,0.13331133971148368
22049,0.15345080763582966
22051,0.18847512460165491
22053,0.17214516435493066
22055,0.17482177648385847
22057,0.17684662020043718
22059,0.15895103023815896
22061,0.18566996727720878
22063,0.16373703166155995
22065,0.15953892415636486
22067,0.1846774780015999
22069,0.17995346249178007
22071,0.1981321361268152
22073,0.18115674899594497
22075,0.14604934614245207
22077,0.16322866027241273
22079,0.17599794012737888
22081,0.17359116022099447
22083,0.1875987550873833
22085,0.2037082514734774
22087,0.2039793438639125
22089,0.13345032809400276
22091,0.19958231181331154
22093,0.13259693830781924
22095,0.16257546164772727
22097,0.16404545563520415
22099,0.17941343424787135
22101,0.2010563445308316
22103,0.13832167950276988
22105,0.17597794975087458
22107,0.20161290322580644
22109,0.19399643583153484
22111,0.17180152067859183
22113,0.17881863932258119
22115,0.1594211210522291
22117,0.1853808614470613
22119,0.16504972107688576
22121,0.15261627906976744
22123,0.18810247503256622
22125,0.09727249224405378
22127,0.15933412604042807
23001,0.0988788945378699
23003,0.11927916818474818
23005,0.09436037444256225
23007,0.11405308581664224
23009,0.12525215477718687
23011,0.09658666360120538
23013,0.1039105019149365
23015,0.11612846766430385
23017,0.11339403171086339
23019,0.11381278687245634
23021,0.11889119409866297
23023,0.09449334814688204
23025,0.11426260759054936
23027,0.11495052566481138
23029,0.1423636585962338
23031,0.09725914752576643
24001,0.0875767570321508
24003,0.0760416647554113
24005,0.09153078880281959
24009,0.06808076961843859
24011,0.12697496353913465
24013,0.0678254942058623
24015,0.09036257194863974
24017,0.07885076566498306
24019,0.11512815807181746
24021,0.08549565569142346
24023,0.11537822663698881
24025,0.0750372916531552
24027,0.07045641685210516
24029,0.10159106631090029
24031,0.10971188243256308
24033,0.14083130757969012
24035,0.08433859587411285
24037,0.07927185682077546
24039,0.09453095328522598
24041,0.10133515919205752
24043,0.09623925766158023
24045,0.11767702496179318
24047,0.10776289441452651
24510,0.12764189009608337
25001,0.043617554742492064
25003,0.036915297092288246
25005,0.04335820895522388
25007,0.0609785345964744
25009,0.04560303496840349
25011,0.04271988380861939
25013,0.047045644275526696
25015,0.03463973921840459
25017,0.03724510522623296
25019,0.06836342113051198
25021,0.026060725796226238
25023,0.0359063796992783
25025,0.05429797909861771
25027,0.03832649872099852
26001,0.12249443207126949
26003,0.11068062827225131
26005,0.1139309726580009
26007,0.11650022154811003
26009,0.12508017960230916
26011,0.12319907792789908
26013,0.12179632569743706
26015,0.10281499067322367
26017,0.10887644421291559
26019,0.13039986231426767
26021,0.13061117571141978
26023,0.12009932341617878
26025,0.11902842988650228
26027,0.11853066204083189
26029,0.11916740274204078
26031,0.1317422986467209
26033,0.12519923903542599
26035,0.12581134756353538
26037,0.08903237660275339
26039,0.11228345333998717
26041,0.11885745228103425
26043,0.0951979134703897
26045,0.09443862462802102
26047,0.12039297046619478
26049,0.10354384941662932
26051,0.11825252486166467
26053,0.11517934715154524
26055,0.11834091347298938
26057,0.09864800759013283
26059,0.11718414958401235
26061,0.12152201702613757
26063,0.11439824143616047
26065,0.10839827822177468
26067,0.10572300947310734
26069,0.11553660158848156
26071,0.11514893617021277
26073,0.13285971044847936
26075,0.10178301904517358
26077,0.11097908745247148
26079,0.1328165977038289
26081,0.11214058768969669
26083,0.11519497982967279
26085,0.13361205469906803
26087,0.11284718279472214
26089,0.11941953969867825
26091,0.09720851543775554
26093,0.08704353547538107
26095,0.1081992337164751
26097,0.16204498238641496
26099,0.11688973898937388
26101,0.11567073663782647
26103,0.10919497620071472
26105,0.11815833566043005
26107,0.12735642766716537
26109,0.12121085420412259
26111,0.09068115336397826
26113,0.13210702341137123
26115,0.0860256215638262
26117,0.1173288624572947
26119,0.12446575628062129
26121,0.1142376411203737
26123,0.13217987364248254
26125,0.09665321611786941
26127,0.16051346132000455
26129,0.12204633025393435
26131,0.12043465137337761
26133,0.11946789460220004
26135,0.13364161849710982
26137,0.1141684969541254
26139,0.10195317339059339
26141,0.11884717481987106
26143,0.10907744827869864
26145,0.09803458091511683
26147,0.10860521265399616
26149,0.12842684484622188
26151,0.12919309908939816
26153,0.13352205708893608
26155,0.11179094236047575
26157,0.12124932298248782
26159,0.13059686746670532
26161,0.08187732581623795
26163,0.14423501386795046
26165,0.11355916643716148
27001,0.0978443188171709
27003,0.0831575721522182
27005,0.1069023312509523
27007,0.12914810135000332
27009,0.08639686952939965
27011,0.08342900880214313
27013,0.08507497474943672
27015,0.06752386518605104
27017,0.09138314964624969
27019,0.05811385791996553
27021,0.11254710004577949
27023,0.08543406014428143
27025,0.07370751399921865
27027,0.0752627189324437
27029,0.12492816917595678
27031,0.10468689973107953
27033,0.08922945934440188
27035,0.08568327987105218
27037,0.0765357527570534
27039,0.0778526148969889
27041,0.07691247415575465
27043,0.08908164670246455
27045,0.09780161885147756
27047,0.08661113433891873
27049,0.08054967373925068
27051,0.08695652173913043
27053,0.09538692817611526
27055,0.07605708245243128
27057,0.09237143553497441
27059,0.08244214930056216
27061,0.09315572498780975
27063,0.07987439897949171
27065,0.09399236735196356
27067,0.0914081540900594
27069,0.07712648743940062
27071,0.09807474518686296
27073,0.0756256048665837
27075,0.07754875681671135
27077,0.1096436581111388
27079,0.0823144418872267
27081,0.08502646406009903
27083,0.08657757117954677
27085,0.07913234486545855
27087,0.12659380692167577
27089,0.09025651852633801
27091,0.0780007756447547
27093,0.09135940730530669
27095,0.10377467836031372
27097,0.09842081516017447
27099,0.09991088478676002
27101,0.08603764868922509
27103,0.06604174250697731
27105,0.13494232640014825
27107,0.09215714911640134
27109,0.0729312282432914
27111,0.080722492459508
27113,0.07703260714794248
27115,0.09738396624472574
27117,0.10297050488086491
27119,0.08520349942944085
27121,0.0776343495376728
27123,0.10329990658081922
27125,0.10567324080837594
27127,0.0954986321810495
27129,0.08876237303487093
27131,0.08040735205755928
27133,0.08074727555786196
27135,0.08419764220833602
27137,0.08151834786819287
27139,0.07065954944358997
27141,0.07545986153742747
27143,0.09720758693361434
27145,0.08656400766638028
27147,0.07557026420874131
27149,0.07772979642196175
27151,0.07815403675407805
27153,0.12177344662344461
27155,0.1010244735344337
27157,0.07706243032329989
27159,0.09088919687796339
27161,0.07895697522816167
27163,0.05714545928737907
27165,0.1251006711409396
27167,0.07777608992860398
27169,0.08231606409282947
27171,0.07530549575788274
27173,0.08160093258208666
28001,0.16620900311622597
28003,0.17070948028625801
28005,0.1945794108715457
28007,0.1751216482037478
28009,0.18994028479559028
28011,0.16591782441619865
28013,0.20769901415062705
28015,0.18315648599560272
28017,0.18788260197951828
28019,0.1758895632512198
28021,0.16668369954011242
28023,0.18708360842686514
28025,0.18142780461621041
28027,0.1651978973407545
28029,0.18051047254587077
28031,0.1915547811827406
28033,0.15278929651673334
28035,0.18208172462412206
28037,0.1807138384470883
28039,0.1838405955769652
28041,0.1473654747743335
28043,0.16136953298739806
28045,0.19451828355708445
28047,0.19168648071142022
28049,0.1761450273902976
28051,0.17784256559766765
28053,0.18591186876809263
28055,0.15279770444763272
28057,0.16001885094897392
28059,0.17110844509190626
28061,0.17010892208797096
28063,0.188415358226679
28065,0.1920361247947455
28067,0.19596805092988298
28069,0.19518377693282637
28071,0.17835013218770654
28073,0.17044102205110256
28075,0.15602828082361697
28077,0.18055555555555555
28079,0.20269689942454694
28081,0.14898065865133298
28083,0.18593686576950696
28085,0.17580904291944
28087,0.16590031884544387
28089,0.12979181031377673
28091,0.18841719077568134
28093,0.19026632933431267
28095,0.17169589363390145
28097,0.1683867968386797
28099,0.2085325611152266
28101,0.185638495904691
28103,0.2256953642384106
28105,0.17057324308515084
28107,0.17962388803569876
28109,0.18987433063483763
28111,0.18704036607288774
28113,0.1694835564574002
28115,0.20358377235663233
28117,0.16845764854614412
28119,0.18682276746792875
28121,0.13454558073359477
28123,0.23941920440895922
28125,0.1795817958179582
28127,0.17991891595748566
28129,0.1880822746521476
28131,0.17426228593741283
28133,0.16461511485183236
28135,0.15929952477052275
28137,0.16973450711576604
28139,0.193804067213189
28141,0.18571210035184335
28143,0.16062322946175636
28145,0.19999267694335615
28147,0.20583268381397765
28149,0.15842568617296737
28151,0.17635981604820805
28153,0.18891041162227604
28155,0.18223976319684262
28157,0.16390019835055852
28159,0.1860599684376644
28161,0.1710515793682527
28163,0.14710257863417397
29001,0.14103865677469737
29003,0.12066469804875224
29005,0.12202114316430747
29007,0.14323659232061248
29009,0.16521787897481913
29011,0.15789473684210525
29013,0.14574399342066616
29015,0.15135419405732317
29017,0.1636760426770126
29019,0.12395350237908812
29021,0.13365618514137784
29023,0.14785177603573008
29025,0.1547644888213588
29027,0.11370354491504389
29029,0.14524781073770116
29031,0.11893210214675118
29033,0.13103597277735768
29035,0.18638163103721297
29037,0.11284112841128412
29039,0.15846520702362887
29041,0.1277971801836761
29043,0.1463516913614761
29045,0.1615931721194879
29047,0.11376692153561131
29049,0.1315381635025184
29051,0.10181051749643263
29053,0.12543395367366683
29055,0.15189720454362363
29057,0.1676962676962677
29059,0.16149809160305342
29061,0.17635728903334538
29063,0.09391452462062558
29065,0.15525436793422404
29067,0.16784089241156613
29069,0.1492318261304022
29071,0.12900654430940314
29073,0.1486531206565623
29075,0.1671060339777387
29077,0.1423854189948162
29079,0.1358986848514369
29081,0.1479609032692956
29083,0.1455200360198109
29085,0.17296450939457203
29087,0.1501240694789082
29089,0.12716763005780346
29091,0.15567977541924205
29093,0.15824112933994658
29095,0.15560327910128335
29097,0.1744244265480868
29099,0.11418870947188291
29101,0.1340329610715154
29103,0.1917841516771998
29105,0.1544254003933689
29107,0.12392069556845874
29109,0.16792742208011646
29111,0.1347919515530377
29113,0.13609913184309147
29115,0.1298814920862165
29117,0.12204308180256376
29119,0.21866666666666668
29121,0.14276485788113696
29123,0.15702345208147367
29125,0.1685112847222222
29127,0.12532999861053218
29129,0.169661733615222
29131,0.16902316213494462
29133,0.1414736842105263
29135,0.1524592252803262
29137,0.15623919806429312
29139,0.1575073601570167
29141,0.17174243538816145
29143,0.13807041804063397
29145,0.16223567008907322
29147,0.10998719590268886
29149,0.17633242999096657
29151,0.1354069391566698
29153,0.1799336650082919
29155,0.13076669595782073
29157,0.1313494370738411
29159,0.1656658676097121
29161,0.144649773154808
29163,0.12974191125181092
29165,0.09082399066099865
29167,0.15229516604692908
29169,0.12820753477371277
29171,0.1563255439161966
29173,0.13238862467242551
29175,0.13235410562989944
29177,0.12234658433037437
29179,0.15115234959592935
29181,0.1656888386230296
29183,0.08514983765078218
29185,0.15050994127948902
29186,0.1272697350375775
29187,0.12060998856271445
29189,0.10546156702859562
29195,0.14382475243280318
29197,0.17285356410840355
29199,0.1775990099009901
29201,0.1348685051243387
29203,0.1806413301662708
29205,0.14665385846942042
29207,0.14599664991624792
29209,0.16138346619797878
29211,0.18519628408750374
29213,0.17277148719507562
29215,0.1526005320584493
29217,0.1496498165705846
29219,0.12386206896551724
29221,0.14762587635436583
29223,0.16481135599551738
29225,0.1854809837239404
29227,0.160093896713615
29229,0.17116343936061792
29510,0.1768794024014238
30001,0.19591437574703902
30003,0.27350034474833373
30005,0.269183922046285
30007,0.1882867132867133
30009,0.1762547113667923
30011,0.2276707530647986
30013,0.16223222146141056
30015,0.22344637631261835
30017,0.1553439333390018
30019,0.1570061902082161
30021,0.13831319960101962
30023,0.14859177727419878
30025,0.15494880546075085
30027,0.17886320180775248
30029,0.19976971159118323
30031,0.1664313158845358
30033,0.25705329153605017
30035,0.267899233942251
30037,0.23067776456599287
30039,0.18943011779688
30041,0.19802523313219966
30043,0.14358167191325638
30045,0.22577471716674866
30047,0.23341370995521873
30049,0.13096182873504195
30051,0.18574423480083857
30053,0.19674722137248904
30055,0.19005847953216373
30057,0.20322664584959668
30059,0.20824524312896406
30061,0.19525375939849623
30063,0.18382666630358813
30065,0.1941399662731872
30067,0.18150751176736088
30069,0.22040816326530613
30071,0.22780290407045942
30073,0.20853462157809985
30075,0.21196581196581196
30077,0.13956773555586946
30079,0.17056277056277055
30081,0.18100118835412954
30083,0.1715947171299034
30085,0.23570750237416904
30087,0.2143086300930382
30089,0.22955864251802358
30091,0.16366279069767442
30093,0.15715532286212913
30095,0.13376212798430176
30097,0.1652754590984975
30099,0.18858927984215718
30101,0.16176470588235295
30103,0.18611111111111112
30105,0.19271948608137046
30107,0.2060747663551402
30109,0.1862348178137652
30111,0.16490373385832027
31001,0.1115130947044887
31003,0.12100181050090525
31005,0.13859275053304904
31007,0.13451086956521738
31009,0.17373737373737375
31011,0.09618235730170496
31013,0.10686144311642319
31015,0.13518696069031638
31017,0.13776337115072934
31019,0.10411684318414759
31021,0.11217429707051377
31023,0.08305247953779489
31025,0.0841347105148601
31027,0.11343963553530752
31029,0.13636363636363635
31031,0.14211076280041798
31033,0.0913919230383806
31035,0.11521235521235522
31037,0.18175803402646504
31039,0.12348244558678771
31041,0.12080228171864937
31043,0.17153687443020968
31045,0.12954939341421143
31047,0.16969098465210056
31049,0.12138141188420518
31051,0.12339930151338765
31053,0.11506196893435082
31055,0.11966097106701465
31057,0.1297979797979798
31059,0.10006854009595613
31061,0.11321928460342146
31063,0.11273792093704246
31065,0.11780210867802109
31067,0.08991937320639548
31069,0.11951219512195121
31071,0.15233785822021115
31073,0.10102564102564103
31075,0.13312202852614896
31077,0.13151658767772512
31079,0.14775034823031868
31081,0.08452722063037249
31083,0.11327330816148708
31085,0.16973415132924335
31087,0.12852664576802508
31089,0.11681483605773826
31091,0.12533692722371967
31093,0.10899571632555925
31095,0.1026252983293556
31097,0.09713406424312368
31099,0.08949534990089952
31101,0.12209655843366168
31103,0.1529126213592233
31105,0.12493396724775489
31107,0.1387337057728119
31109,0.10110538205521737
31111,0.09684847139765855
31113,0.14285714285714285
31115,0.13213703099510604
31117,0.13419117647058823
31119,0.1225754849030194
31121,0.10729058945191314
31123,0.12583722346255327
31125,0.1247323340471092
31127,0.09645019262520639
31129,0.10636384079154486
31131,0.09543699765837606
31133,0.10931319669183746
31135,0.11133740665308893
31137,0.08494166394068259
31139,0.11169842815412435
31141,0.12195046821094135
31143,0.09749251497005988
31145,0.10126237398964671
31147,0.1205554890458518
31149,0.17984604618614417
31151,0.12467785749111931
31153,0.08364581924585367
31155,0.08618625807996169
31157,0.12603904367367935
31159,0.07229923518164436
31161,0.14007059260635332
31163,0.12058542793509386
31165,0.13197586726998492
31167,0.10332579916047788
31169,0.09219172787011982
31171,0.15843023255813954
31173,0.16987690079652426
31175,0.11181732580037665
31177,0.07464086488621217
31179,0.09830866807610994
31181,0.10939989378651088
31183,0.147239263803681
31185,0.08975290697674419
32001,0.1820694139640738
32003,0.2093836377552707
32005,0.15215496162105846
32007,0.19721268430620076
32009,0.25428194993412384
32011,0.16195761856710394
32013,0.2133581820367921
32015,0.1764202600958248
32017,0.19779593387801633
32019,0.1907972718263607
32021,0.176546949372566
32023,0.1684036055672865
32027,0.17033132530120482
32029,0.17312072892938496
32031,0.2115066429739812
32033,0.14248986453080195
32510,0.18414995067412035
33001,0.12058432934926959
33003,0.134434604191529
33005,0.10770330884742899
33007,0.13087103724222837
33009,0.11829176539286476
33011,0.09965054981158562
33013,0.09906428683390921
33015,0.08956388660849118
33017,0.11535392130782811
33019,0.11969254136653396
34001,0.14458015322689144
34003,0.1126924419705445
34005,0.0878938198444141
34007,0.12082120924503553
34009,0.11736574054904558
34011,0.14846496815286625
34013,0.16453991191397763
34015,0.09244590784055885
34017,0.19825520113953607
34019,0.060607727858647466
34021,0.11568453771831629
34023,0.1310492777885878
34025,0.10388288624437335
34027,0.07870235905379676
34029,0.09918520028046518
34031,0.1780664284538054
34033,0.1094519074951915
34035,0.08446785587482707
34037,0.09027393376446287
34039,0.15304345895460944
34041,0.0979891595908023
35001,0.17822933086307233
35003,0.20296096904441455
35005,0.21867288182067451
35006,0.2042678493529155
35007,0.1621859850154253
35009,0.18831364816193485
35011,0.19675456389452334
35013,0.22235741230522058
35015,0.15246553797761125
35017,0.15690810737250366
35019,0.1472801548054182
35021,0.1631504922644163
35023,0.19731404958677687
35025,0.20709749834709473
35027,0.2082965578111209
35028,0.03956201166501596
35029,0.2211657051919634
35031,0.29098628347485306
35033,0.18950010458063166
35035,0.20540812898891503
35037,0.17330984364677385
35039,0.2050703247091509
35041,0.20942280435951321
35043,0.16208304158038228
35045,0.24079818112211016
35047,0.17272882222600988
35049,0.203318246227077
35051,0.15699318144021288
35053,0.20581467138126508
35055,0.20834472077981234
35057,0.21426829268292683
35059,0.15705272645335736
35061,0.1852439611327185
36001,0.07528055629321452
36003,0.08343234053013233
36005,0.14342102443588883
36007,0.09348788472818975
36009,0.10875637219905059
36011,0.09246845672902232
36013,0.08222483726334291
36015,0.07569559940666157
36017,0.10104668285111633
36019,0.08468943947612764
36021,0.09440168620061955
36023,0.08109582398933268
36025,0.0972216393167415
36027,0.08473326203782237
36029,0.07949891749484832
36031,0.0905798019200081
36033,0.10622866894197952
36035,0.0943290387955993
36037,0.09632361530630977
36039,0.08919823644676682
36041,0.11067438973934629
36043,0.09188268977791535
36045,0.09243320554159155
36047,0.13772518179462956
36049,0.10831764314985048
36051,0.07276930189551549
36053,0.07764834863642593
36055,0.08383820551708274
36057,0.08922134102379235
36059,0.0831925691353304
36061,0.10221474179156315
36063,0.08900518706339898
36065,0.08734826626602701
36067,0.0894717607760417
36069,0.07760919540229885
36071,0.10033978170628115
36073,0.09474621132269927
36075,0.09157452110263199
36077,0.08407279532767578
36079,0.07781268132615698
36081,0.17631018570146512
36083,0.0812616629303543
36085,0.0830538764560057
36087,0.09886563723192683
36089,0.09507593270974855
36091,0.06740638253619453
36093,0.08877438208349227
36095,0.08832894495131957
36097,0.09577114427860696
36099,0.08884677396543433
36101,0.10332218551051656
36103,0.09514823773761731
36105,0.11787974683544304
36107,0.08212778486603199
36109,0.0861513451048369
36111,0.10270631327095435
36113,0.08425426979632843
36115,0.09096526809481556
36117,0.09593609264422046
36119,0.10099555719020492
36121,0.08693059861674218
36123,0.10020876826722339
37001,0.1717403678187992
37003,0.15867198447774064
37005,0.2141690856313498
37007,0.1345254262864041
37009,0.17698658410732715
37011,0.17707981537768772
37013,0.1539606347076949
37015,0.13239221671117893
37017,0.18015083990401096
37019,0.15158360777696125
37021,0.16443304734720593
37023,0.1675330265205443
37025,0.15475250967168694
37027,0.15997861768171934
37029,0.13658536585365855
37031,0.15101398497580096
37033,0.14201584544337584
37035,0.16471699578146431
37037,0.15182611630082984
37039,0.16444313407532984
37041,0.15271401566297596
37043,0.16420007493443237
37045,0.149312034777616
37047,0.17015978418759078
37049,0.1498935062702362
37051,0.1443898643662759
37053,0.1530189547679819
37055,0.17003480244494487
37057,0.15840911178469735
37059,0.13464934562256575
37061,0.2267446761874252
37063,0.16529881774467622
37065,0.15359663506095386
37067,0.15702903557880785
37069,0.176728797457988
37071,0.16440798341860768
37073,0.13953295793309042
37075,0.18221110100090993
37077,0.13356574223424736
37079,0.17952857604133032
37081,0.15980279886655802
37083,0.15108232298067872
37085,0.18404341881202238
37087,0.14436079980924482
37089,0.1606900273554534
37091,0.13270799347471451
37093,0.20657476569300218
37095,0.169040672730393
37097,0.15156631142504237
37099,0.2005870354708721
37101,0.16512280498741574
37103,0.16840463892408147
37105,0.18775726314710756
37107,0.1637919440521821
37109,0.1654921020656136
37111,0.13954729399208432
37113,0.18331954620657054
37115,0.14605338966775494
37117,0.14695932007591386
37119,0.16213510976994286
37121,0.1536910569105691
37123,0.19119813184839232
37125,0.14001722807056796
37127,0.14920833986518264
37129,0.15726845940605597
37131,0.13340316997631627
37133,0.12714589259013592
37135,0.13675949780605692
37137,0.13535870055647467
37139,0.13961320357576207
37141,0.16546560072063957
37143,0.1381256497846428
37145,0.14471886229060174
37147,0.14698165803837054
37149,0.1487305891052502
37151,0.1850319032678817
37153,0.18322754953254997
37155,0.23126799552933688
37157,0.15009012488734388
37159,0.1605698715904809
37161,0.15807442813246841
37163,0.19791208791208792
37165,0.1619590353485299
37167,0.14935515873015873
37169,0.1411984066446309
37171,0.17470664928292046
37173,0.19392123287671234
37175,0.15058385926400195
37177,0.17327188940092167
37179,0.1521436023439709
37181,0.1607292817679558
37183,0.13654316364043356
37185,0.16014099266457082
37187,0.12737378415933304
37189,0.15330632185022197
37191,0.168354267103078
37193,0.16770006792987324
37195,0.16762437994204607
37197,0.173317326513036
37199,0.17982803484557078
38001,0.1015625
38003,0.08885487936622254
38005,0.15192709889453243
38007,0.12171837708830549
38009,0.11237509607993851
38011,0.09276378705769844
38013,0.08199121522693997
38015,0.08053241405726323
38017,0.09533431420631028
38019,0.08198380566801619
38021,0.09011572756592677
38023,0.08827650630546474
38025,0.12476672887230073
38027,0.10293492131008082
38029,0.12046485260770975
38031,0.07818561623396002
38033,0.11257142857142857
38035,0.09109323890406026
38037,0.15394402035623408
38039,0.08662741799831791
38041,0.09231378763866878
38043,0.12771182971756037
38045,0.0913508260447036
38047,0.1326219512195122
38049,0.11726147123088128
38051,0.10632911392405063
38053,0.12362598144182727
38055,0.09982390490865067
38057,0.08022786612864942
38059,0.09852554165615199
38061,0.1409892685333662
38063,0.09846755787414412
38065,0.10054054054054054
38067,0.09382615759545085
38069,0.10166780900159927
38071,0.10120649249197118
38073,0.085514190932547
38075,0.08617234468937876
38077,0.0878141707122227
38079,0.1743216506500848
38081,0.07601262493424514
38083,0.12310030395136778
38085,0.1420842154787109
38087,0.09517241379310344
38089,0.0843430932422232
38091,0.09877149877149877
38093,0.08032740078043209
38095,0.10065359477124183
38097,0.08429546865301055
38099,0.10585463114011238
38101,0.09772660171242988
38103,0.09172789760606778
38105,0.09157208997418774
39001,0.13954140663347592
39003,0.10519261084208838
39005,0.12142092713242335
39007,0.12645429362880886
39009,0.12971951706552795
39011,0.1006068279053523
39013,0.11460994932552994
39015,0.1259712053021652
39017,0.1099219608913044
39019,0.13071918045268913
39021,0.11381135103955058
39023,0.11238875096185955
39025,0.11280883937834271
39027,0.11292708532162626
39029,0.12979540834405714
39031,0.1427836029152781
39033,0.11976075560584717
39035,0.11812000204741337
39037,0.12788136558690616
39039,0.11401778164954265
39041,0.0651837827543327
39043,0.11153866221433789
39045,0.09983845569070374
39047,0.12391033623910336
39049,0.13443489565016215
39051,0.10820166246732757
39053,0.11708922005031934
39055,0.1028320573906526
39057,0.08324826553378771
39059,0.12661181074707742
39061,0.11824696079668158
39063,0.11685007060829714
39065,0.1233066163759233
39067,0.1240506329113924
39069,0.11262266624154178
39071,0.1386535273531037
39073,0.12197686645636173
39075,0.2060947395480358
39077,0.12711507702668576
39079,0.12838612368024133
39081,0.11569228089023098
39083,0.11735334910663295
39085,0.10815785694703725
39087,0.12354723393340922
39089,0.1080177707619543
39091,0.11553304389773275
39093,0.10783167447791597
39095,0.1254862352764546
39097,0.10056890746545918
39099,0.11539369215987054
39101,0.11875817091679565
39103,0.09385863267670916
39105,0.13422507278788134
39107,0.11127989023912191
39109,0.1085330869840035
39111,0.11549697669678646
39113,0.1189907306658291
39115,0.14291395996287948
39117,0.11999656170310306
39119,0.11641794506093389
39121,0.1198639455782313
39123,0.09697760382691889
39125,0.12047633776678009
39127,0.12900820283370618
39129,0.10207108522006397
39131,0.1285240174672489
39133,0.1083784318086342
39135,0.1200942475664612
39137,0.09850268934438144
39139,0.10925387203198388
39141,0.10825513045271734
39143,0.11003284316152565
39145,0.12243455431297806
39147,0.11610022326966013
39149,0.10829965680401275
39151,0.11349177721667802
39153,0.11765977455764189
39155,0.12004882368427351
39157,0.1274293620425017
39159,0.08583367842487671
39161,0.1075336260366576
39163,0.13081113349750018
39165,0.07769024005931968
39167,0.1182530140057843
39169,0.13184886702600868
39171,0.11318043952535518
39173,0.09116195744413363
39175,0.11519110248036014
40001,0.23931965538680167
40003,0.1459440311725115
40005,0.20182706607180795
40007,0.20671283963771978
40009,0.17287102987949649
40011,0.17308685324796033
40013,0.2074881186971137
40015,0.20799702813143764
40017,0.13702506739898523
40019,0.20103982530934802
40021,0.23179723502304148
40023,0.19038562434417627
40025,0.22020933977455717
40027,0.153903416682573
40029,0.21091644204851753
40031,0.14952099987311254
40033,0.17389186556259134
40035,0.17465524166555094
40037,0.18665384016863074
40039,0.20038236779453142
40041,0.22356378739948324
40043,0.17794117647058824
40045,0.15635823849579417
40047,0.17303067242117748
40049,0.19155618859793289
40051,0.17289613343442
40053,0.16410030796304442
40055,0.13003901170351106
40057,0.21628065395095367
40059,0.20285945508497438
40061,0.21507237256135933
40063,0.1829796448679082
40065,0.173177379059732
40067,0.2072072072072072
40069,0.1897625710932563
40071,0.19227327294554186
40073,0.2043679682329583
40075,0.17006802721088435
40077,0.17408906882591094
40079,0.2197281754323125
40081,0.1872869752672823
40083,0.1645637148026163
40085,0.19471665956540266
40087,0.17295883556970662
40089,0.20827067669172933
40091,0.20997685527158122
40093,0.17331409078981894
40095,0.2273270816287998
40097,0.20428128632313056
40099,0.18318649045521293
40101,0.19208696143842588
40103,0.14695960557045237
40105,0.18040654997176736
40107,0.18832330460237437
40109,0.19967804470383538
40111,0.18094352893890675
40113,0.1657821634396119
40115,0.1987525075225677
40117,0.18810701304891855
40119,0.17288083419908423
40121,0.17750273822562979
40123,0.18147107175054356
40125,0.18239755909777866
40127,0.21748288572933122
40129,0.1899000526038927
40131,0.14639234013450358
40133,0.193839513439278
40135,0.19996668808147144
40137,0.1572229485673765
40139,0.2514520470321575
40141,0.19814745274752785
40143,0.18558640565489004
40145,0.1649209005993197
40147,0.1555737513159434
40149,0.17488172043010752
40151,0.1381001254418976
40153,0.1750672377726865
41001,0.1399563998754282
41003,0.12228049163362364
41005,0.12284782517069881
41007,0.16044836299123702
41009,0.12679280447289523
41011,0.13950452171697872
41013,0.15787182587666262
41015,0.13632922103950473
41017,0.14820841808793617
41019,0.1470930937089272
41021,0.13941568426447976
41023,0.14451491026851976
41025,0.16625983184160564
41027,0.20910307898259706
41029,0.16890631561471528
41031,0.20294266869609334
41033,0.14369902466177786
41035,0.17242262990487964
41037,0.14341772151898735
41039,0.153271255312591
41041,0.1583916617605373
41043,0.14902604823622034
41045,0.1615029877890361
41047,0.17974031041905314
41049,0.18517857142857144
41051,0.16345689902898347
41053,0.13458475390630142
41055,0.1395617070357555
41057,0.15913826315996382
41059,0.17852672750977835
41061,0.134778073936725
41063,0.14359267734553777
41065,0.19194359725908028
41067,0.13831583121621646
41069,0.1483050847457627
41071,0.14931300772239495
42001,0.10093457943925234
42003,0.08342491252795237
42005,0.09805521159589191
42007,0.08764689998473767
42009,0.11557453353300684
42011,0.10500004846417044
42013,0.09073896428627592
42015,0.10954254171689613
42017,0.07276535487877496
42019,0.07908056928482106
42021,0.0860407373116741
42023,0.09761475245540188
42025,0.10088884112924272
42027,0.09120939385141456
42029,0.07997188534940793
42031,0.1080159466439335
42033,0.0976223501540501
42035,0.10716093117408906
42037,0.09275916684098856
42039,0.11783800962498865
42041,0.07658374526681047
42043,0.09963613928543553
42045,0.08407888476714112
42047,0.09089193609259026
42049,0.10146267563309708
42051,0.10698218066337332
42053,0.06762348073441944
42055,0.11959818294992518
42057,0.10532728626548434
42059,0.08607944192826279
42061,0.092824626056796
42063,0.09851538244425628
42065,0.11304251057200089
42067,0.11798226253059914
42069,0.09723795010881367
42071,0.11841379139145562
42073,0.09776134275148912
42075,0.09007153373685697
42077,0.1102467302933899
42079,0.09908790548346615
42081,0.10790472843833832
42083,0.09215736216917128
42085,0.0919883347814492
42087,0.12130152214811014
42089,0.12202415993595027
42091,0.06912352576039726
42093,0.0829929750040843
42095,0.09039157838272764
42097,0.10284697885676171
42099,0.12253223097227373
42101,0.13860750528582438
42103,0.10655495489231517
42105,0.10914927768860354
42107,0.09617195385480386
42109,0.11766337232755143
42111,0.10620727089445184
42113,0.10732009925558313
42115,0.11428571428571428
42117,0.11062385061536285
42119,0.08126220486419315
42121,0.09968380458026428
42123,0.10189870367693123
42125,0.08554854399261784
42127,0.10101280848538224
42129,0.08131294702504575
42131,0.09547543301519971
42133,0.09829802332635146
44001,0.0713039243537194
44003,0.07516894442196549
44005,0.07727338441520891
44007,0.12578830639704372
44009,0.06927765611782656
45001,0.15858030592734226
45003,0.14247135741740924
45005,0.1366253537620767
45007,0.1577144008868286
45009,0.14678377353721725
45011,0.1455024094235231
45013,0.16312714231693481
45015,0.18183896658156462
45017,0.1580509033364104
45019,0.15992112880896112
45021,0.16767176394572475
45023,0.1547198538367844
45025,0.17566639481478302
45027,0.15941945350145714
45029,0.18852970219843043
45031,0.15615567212730416
45033,0.1856432527693857
45035,0.15024416014621053
45037,0.1425366437331738
45039,0.1515858208955224
45041,0.15194559604334862
45043,0.1676808991753126
45045,0.1650638966153417
45047,0.16342668863261944
45049,0.16134777376654633
45051,0.2135092547544531
45053,0.2253227329974811
45055,0.16771187670283255
45057,0.1642009931304191
45059,0.1642098923435971
45061,0.1561558386636359
45063,0.15421313204487702
45065,0.10626865671641791
45067,0.17633601756954612
45069,0.15426484531376197
45071,0.15612005544301097
45073,0.15409588727385395
45075,0.1787859954423037
45077,0.16461112087948893
45079,0.1299518582707491
45081,0.21251006441223833
45083,0.16223480479535843
45085,0.16316221153487678
45087,0.15214128651705003
45089,0.17027881911902532
45091,0.14744762095075087
46003,0.13213102686786898
46005,0.1237880496054115
46007,0.1839581517000872
46009,0.08322663252240717
46011,0.11335906374501992
46013,0.08797122613445833
46015,0.12859560067681894
46017,0.19989878542510123
46019,0.14479550300445823
46021,0.1016949152542373
46023,0.14589003810560697
46025,0.12625139043381536
46027,0.12342335922468467
46029,0.11018309139981035
46031,0.17703703703703705
46033,0.102757793764988
46035,0.1030296847903703
46037,0.13790112749349523
46039,0.11306935225452049
46041,0.23294509151414308
46043,0.11926298157453936
46045,0.10320197044334975
46047,0.11574273026786994
46049,0.11120471777590564
46051,0.11484902798841859
46053,0.14383723681097704
46055,0.13852587558808155
46057,0.1151332327802916
46059,0.10052295177222545
46061,0.11963281018655611
46063,0.15432098765432098
46065,0.10351212173812417
46067,0.10016648168701443
46069,0.1231209735146743
46071,0.19112090680100755
46073,0.09526112185686654
46075,0.1588235294117647
46077,0.09833848531684698
46079,0.09142610943558811
46081,0.12474319993425918
46083,0.07743452699091395
46085,0.18210361067503925
46087,0.10556552962298026
46089,0.11615541922290389
46091,0.13717005625270445
46093,0.1260602744009694
46095,0.18121442125237192
46097,0.10119555935098207
46099,0.10870336032365131
46101,0.13186304750154226
46103,0.9080063245651862
46105,0.0047642757422214415
46107,0.0752153744201458
46109,0.6600338696020321
46111,0.029876806673780194
46113,0.9407030919102075
46115,0.10013844023996309
46117,0.13021534320323014
46119,0.10814708002883922
46121,0.1403242147922999
46123,0.14074206207634676
46125,0.10195797516714422
46127,0.06615132029005336
46129,0.1191672648959081
46135,0.10607474558947697
46137,0.19484645252382632
47001,0.125660091248886
47003,0.17803892116365885
47005,0.14759788102052
47007,0.16143846812485405
47009,0.13276854426695983
47011,0.1525084348687965
47013,0.1354641563370216
47015,0.14043882592269688
47017,0.12750148950338205
47019,0.14521015426402478
47021,0.13427897193864463
47023,0.1386598536755313
47025,0.13017327349788083
47027,0.15638175546186278
47029,0.15399185796675335
47031,0.14428349911122879
47033,0.15690721649484535
47035,0.14404803956199222
47037,0.16649331317082688
47039,0.14472783293392674
47041,0.16877726934127912
47043,0.15162375365394626
47045,0.1287092377057775
47047,0.11750369467707227
47049,0.14639964495728391
47051,0.12358670647545397
47053,0.13135363824113247
47055,0.13890309165899717
47057,0.15651255883517354
47059,0.147312887703635
47061,0.1484952771472505
47063,0.16548331635252164
47065,0.13434954639979585
47067,0.14647593503203696
47069,0.11723958139361662
47071,0.14775011597340343
47073,0.13139163148877545
47075,0.14045669969840585
47077,0.1342969307637402
47079,0.14070848389388182
47081,0.1493181071311206
47083,0.1364835692012473
47085,0.13894324853228962
47087,0.15285739100225812
47089,0.14047838794031686
47091,0.1267984623833059
47093,0.1250071583847019
47095,0.08935458986886088
47097,0.12694515651514604
47099,0.14612805820395158
47101,0.15717577353522055
47103,0.13607254010055064
47105,0.13051983779267623
47107,0.14017495606998243
47109,0.1416122840690979
47111,0.17723265960288487
47113,0.1378057986982514
47115,0.14040961709706143
47117,0.16260320543953374
47119,0.13508567217343243
47121,0.140534063676823
47123,0.15795682172267972
47125,0.14403215306671197
47127,0.1295110139040775
47129,0.12544201650194942
47131,0.1307956948521289
47133,0.14265759473707926
47135,0.1582093348594684
47137,0.17127825409197195
47139,0.15187907032323594
47141,0.16676943314013237
47143,0.14271005584849147
47145,0.11900252525252525
47147,0.15482884260717017
47149,0.14794379049997028
47151,0.15650287057547127
47153,0.14530812324929973
47155,0.1856172426280961
47157,0.15916318242764554
47159,0.1429616087751371
47161,0.14265195040822498
47163,0.12545800967316428
47165,0.1296847731904663
47167,0.1230377598642342
47169,0.15487179487179487
47171,0.13896636587366695
47173,0.159111018581169
47175,0.15108303249097474
47177,0.17753141538538714
47179,0.13950129115558424
47181,0.1410181048671526
47183,0.14094594207465552
47185,0.1472936660268714
47187,0.08160686410890826
47189,0.11868470628532284
48001,0.17098543273350472
48003,0.24158544509421703
48005,0.2112976224577485
48007,0.19701121863492335
48009,0.2036911231884058
48011,0.2055929570170896
48013,0.23022468451831332
48015,0.19587953408653677
48017,0.27733777963040157
48019,0.2050233644859813
48021,0.2201199200532978
48023,0.1911170928667564
48025,0.14874063989108238
48027,0.17878530010028124
48029,0.20269497340119474
48031,0.23095103044053697
48033,0.1337579617834395
48035,0.20643181942694352
48037,0.17698352890515665
48039,0.1858183663369438
48041,0.2073304739286094
48043,0.2251443232841565
48045,0.2850212249848393
48047,0.2058742033804378
48049,0.19015936464524272
48051,0.22497390093956618
48053,0.21786266233017323
48055,0.23964189048511347
48057,0.20872945253594344
48059,0.20775480059084195
48061,0.3167844005259882
48063,0.24151825288097348
48065,0.1265156349712827
48067,0.18813309293558433
48069,0.29156835961753386
48071,0.17221052631578948
48073,0.24184031521376903
48075,0.15547954966509905
48077,0.1859724693323345
48079,0.28399479505530256
48081,0.22560975609756098
48083,0.2184432777904588
48085,0.1450147126160222
48087,0.2979961215255333
48089,0.2147289431911107
48091,0.17263291297401984
48093,0.25888544445245476
48095,0.12835387962291517
48097,0.21482503645073944
48099,0.14065254004935177
48101,0.24619457313037724
48103,0.2224513172966781
48105,0.25197493870879867
48107,0.2263097388733782
48109,0.2900378310214376
48111,0.3128385302298346
48113,0.2748675385960649
48115,0.18890097932535366
48117,0.2776379974326059
48119,0.2037677816224529
48121,0.15962624894948174
48123,0.17750984251968505
48125,0.18329853862212944
48127,0.23048732171156894
48129,0.20412595005428882
48131,0.196744935153005
48133,0.21600086141918812
48135,0.2441566622998232
48137,0.2712981744421907
48139,0.20079546349531385
48141,0.2719925415298406
48143,0.26269774119939493
48145,0.19768941730693734
48147,0.1929131537055598
48149,0.1835514622717725
48151,0.19201616978271854
48153,0.21944357611753673
48155,0.25441176470588234
48157,0.180263344327981
48159,0.1982529434105583
48161,0.18907605921388462
48163,0.16677155443675268
48165,0.31009215054957256
48167,0.18101056847859917
48169,0.13119489206445728
48171,0.19307286673058485
48173,0.2258326563769293
48175,0.1682398667406996
48177,0.2624943035090384
48179,0.22093795668925204
48181,0.20179098570179924
48183,0.20274408918289843
48185,0.21471128264698167
48187,0.1795773870419301
48189,0.21809987083298982
48191,0.2822677925211098
48193,0.20068957317798122
48195,0.259451711162874
48197,0.21371456263629754
48199,0.16867710642008502
48201,0.2577286931148688
48203,0.20646736182267494
48205,0.15156994903830348
48207,0.18986283037805285
48209,0.1956571022431361
48211,0.2161478106808403
48213,0.22654145275250342
48215,0.3490566037735849
48217,0.22493032250725215
48219,0.21571869968231863
48221,0.18244503146608654
48223,0.2418021181401144
48225,0.20038510911424903
48227,0.16318481895344517
48229,0.311969563944981
48231,0.21754810462034796
48233,0.2071867182169661
48235,0.20898315658140987
48237,0.1866710875331565
48239,0.19857549857549858
48241,0.20277578500082777
48243,0.21680452764475402
48245,0.19548551622861385
48247,0.23673237300985595
48249,0.1972049689440994
48251,0.22735020236254155
48253,0.1639976275207592
48255,0.14063231067442017
48257,0.2121787688275181
48259,0.16486603910209993
48261,0.18306636155606407
48263,0.14687882496940025
48265,0.19303618924800517
48267,0.25364368066130083
48269,0.13953488372093023
48271,0.1787399389397724
48273,0.2054089462848587
48275,0.26283422459893047
48277,0.2028030833917309
48279,0.25145451965375337
48281,0.22721804511278196
48283,0.18084345961401
48285,0.19072647793505412
48287,0.21621296073235366
48289,0.2245516094548046
48291,0.22446323152372563
48293,0.19607759901515473
48295,0.26188340807174887
48297,0.16189732917100244
48299,0.16513616212792906
48301,0.17894736842105263
48303,0.20093484319328325
48305,0.21918041149464376
48307,0.2210004833252779
48309,0.20723850217003667
48311,0.1752136752136752
48313,0.21208591190389517
48315,0.20277777777777778
48317,0.2363599348534202
48319,0.1999006704742985
48321,0.23577014250292908
48323,0.30777580779389946
48325,0.20686171241858164
48327,0.25191183085919927
48329,0.20945873583652838
48331,0.20281793081045965
48333,0.23059548254620124
48335,0.13879723257051624
48337,0.2165940634180934
48339,0.19304651700308106
48341,0.27369421562415136
48343,0.1933947532792005
48345,0.21334431630971992
48347,0.2250521729858181
48349,0.2314298785559807
48351,0.19036443953616786
48353,0.20247305428817033
48355,0.21066756024359684
48357,0.2831926323867997
48359,0.1544754571703561
48361,0.18545900405467744
48363,0.22801337697452684
48365,0.18429480514078941
48367,0.17951119097635257
48369,0.2758453167508745
48371,0.21576657281801895
48373,0.2105320731600595
48375,0.24759756815061776
48377,0.30515038079256485
48379,0.2250045363817819
48381,0.1605366624782133
48383,0.272082717872969
48385,0.2570093457943925
48387,0.1978272848933323
48389,0.1787762212382957
48391,0.17750751571467613
48393,0.1414790996784566
48395,0.2222955540889182
48397,0.16316010162050168
48399,0.2078758046194623
48401,0.2044548739151488
48403,0.17519887693027608
48405,0.20224210168723813
48407,0.2350769919093248
48409,0.19863183693730027
48411,0.21201588877855015
48413,0.23940677966101695
48415,0.18930138773573715
48417,0.22108433734939759
48419,0.25538533322964463
48421,0.2938263453284913
48423,0.20886638362695178
48425,0.19865120681495504
48427,0.30512321660181585
48429,0.22267673589259493
48431,0.2076923076923077
48433,0.19959404600811909
48435,0.24813153961136025
48437,0.20097037793667008
48439,0.21063360938178816
48441,0.1814884217972742
48443,0.226890756302521
48445,0.21614356866155426
48447,0.24893227577791335
48449,0.2717458359037631
48451,0.209066184759076
48453,0.20314109796225108
48455,0.21282401091405184
48457,0.1773508220949566
48459,0.20802938069125118
48461,0.24893357708714198
48463,0.23485617597292724
48465,0.2456943224303839
48467,0.22205305827275149
48469,0.2055632409937462
48471,0.18380158033362598
48473,0.2453370288752073
48475,0.2262985493682733
48477,0.17951133352958493
48479,0.3314663034373703
48481,0.2355118929513393
48483,0.24101906158357772
48485,0.17943113909734215
48487,0.20318547186662697
48489,0.21858195128564328
48491,0.15536834298789448
48493,0.18083281882417507
48495,0.23641456582633052
48497,0.20237082979042664
48499,0.20012362114872576
48501,0.24602479028421184
48503,0.21461660035969263
48505,0.31651990137372316
48507,0.24053094352384174
49001,0.18130268199233718
49003,0.12596247587592765
49005,0.1404258653109548
49007,0.12119649303764828
49009,0.13967437874892888
49011,0.10956999272694651
49013,0.17162900289172112
49015,0.13361283266496538
49017,0.14529582929194956
49019,0.2024182230378927
49021,0.19506183423709197
49023,0.14356435643564355
49025,0.13230598361793697
49027,0.18467645891226678
49029,0.10786749482401656
49031,0.16798418972332016
49033,0.15288003464703334
49035,0.1543545559800636
49037,0.20605937647933997
49039,0.16463784671402562
49041,0.1551253174869411
49043,0.13700644264442485
49045,0.13045385523873798
49047,0.18674680691209616
49049,0.1456231462393391
49051,0.18735401385075606
49053,0.17180887516691276
49055,0.20043572984749455
49057,0.15103708198374513
50001,0.06687457627118644
50003,0.06618544951290331
50005,0.0726811408016444
50007,0.05776594395841258
50009,0.08929982614193141
50011,0.0701087859159608
50013,0.07404755084503008
50015,0.07451504474952415
50017,0.06887886819730818
50019,0.082174648716251
50021,0.06492531221941066
50023,0.05961354441217453
50025,0.0667766801546217
50027,0.05970491687550739
51001,0.1647542953262045
51003,0.10522654316693335
51005,0.11080501989592899
51007,0.1663791751607339
51009,0.13350141625424097
51011,0.13864287141239928
51013,0.093037542031556
51015,0.11650708955729203
51017,0.12934362934362933
51019,0.11063756568236867
51021,0.10769685330181711
51023,0.09468368210959235
51025,0.12290013999066729
51027,0.1227234753550543
51029,0.14456217978574756
51031,0.13511250273064881
51033,0.13556724372148107
51035,0.15073957121489115
51036,0.16703478741027056
51037,0.16003197442046363
51041,0.11309451376473122
51043,0.10116950824291954
51045,0.12734225621414913
51047,0.14338227527199746
51049,0.17002997002997003
51051,0.13251712763258056
51053,0.12763769195304464
51057,0.1386978654996874
51059,0.10776001664540759
51061,0.10865720375493175
51063,0.15117711913872495
51065,0.10768341998844598
51067,0.14463300881346314
51069,0.1248475398911089
51071,0.1304119193689746
51073,0.1267342293518318
51075,0.07501399514834857
51077,0.14579548403841164
51079,0.1544828322742564
51081,0.08447184271909364
51083,0.1325762834217175
51085,0.08296991277906697
51087,0.1215143287308103
51089,0.1602098164106407
51091,0.18687089715536104
51093,0.10524080523231122
51095,0.08841642228739002
51097,0.1520193401592719
51099,0.08737544264185128
51101,0.1282051282051282
51103,0.11789083855039238
51105,0.12704103503370875
51107,0.08504195203122467
51109,0.14086733476497257
51111,0.1411527734738147
51113,0.15142314990512334
51115,0.1192311990166499
51117,0.14133505281257677
51119,0.1257617728531856
51121,0.12695333094329278
51125,0.1463528160117029
51127,0.11127683375059927
51131,0.16490860777840405
51133,0.12962962962962962
51135,0.13708713431896824
51137,0.12731460972800568
51139,0.14635162728674417
51141,0.14538428042673635
51143,0.14138229962960044
51145,0.10934888517478042
51147,0.12155053466712659
51149,0.08700857026254931
51153,0.1265399003979317
51155,0.125683531917343
51157,0.1262835044672623
51159,0.11879355400696864
51161,0.09147141719916521
51163,0.13546841731724626
51165,0.14983468395461913
51167,0.1433256576652013
51169,0.1278735632183908
51171,0.1451639596188855
51173,0.14295081967213114
51175,0.11694281133083913
51177,0.11983017583209837
51179,0.09482406665356176
51181,0.13135532190695665
51183,0.11599238851658807
51185,0.13513997359411015
51187,0.13647464826121583
51191,0.1284683532742716
51193,0.15550388476152668
51195,0.12509052286003958
51197,0.14247542050632045
51199,0.08553170820557968
51510,0.12519097690302866
51520,0.12419988770353733
51530,0.13130111524163568
51540,0.15527296846053565
51550,0.10672639772903683
51570,0.12423330633028584
51580,0.12746950695756742
51590,0.13475960973316092
51595,0.13569829516101256
51600,0.11090059922453296
51610,0.06621632236273663
51620,0.13429285119543238
51630,0.14577077565027494
51640,0.1700690262887355
51650,0.11771427734274852
51660,0.17645994572318827
51670,0.15827402135231317
51678,0.08906295329271831
51680,0.12358377277711063
51683,0.19156167744243693
51685,0.22060374373846559
51690,0.12866734783243322
51700,0.13488413379121336
51710,0.13785501391728452
51720,0.10341390480936954
51730,0.1511471407555792
51735,0.08113944024582675
51740,0.13096617298640031
51750,0.13651266766020864
51760,0.15954629732725945
51770,0.15569962628786158
51775,0.10507027505940156
51790,0.12923358575351584
51800,0.1113588110403397
51810,0.11554666437864372
51820,0.13930916357407935
51830,0.10058634650286193
51840,0.16895763886287876
53001,0.223682119205298
53003,0.12145822877218597
53005,0.14191539808105652
53007,0.1755766843548365
53009,0.13956112852664576
53011,0.1346498438175567
53013,0.11631382316313824
53015,0.13567367989216433
53017,0.1959374113886526
53019,0.16866215512753774
53021,0.22325413533834587
53023,0.12311111111111112
53025,0.20361182774359993
53027,0.16888968748704197
53029,0.11049933548509588
53031,0.11502410283877879
53033,0.12108632741918149
53035,0.1095299291415636
53037,0.15142987709550954
53039,0.16075398743354277
53041,0.15004425889471668
53043,0.12846826301786393
53045,0.15215036112934996
53047,0.19777960526315788
53049,0.16190293497026664
53051,0.13641636377697008
53053,0.13520960171316873
53055,0.15421564909619517
53057,0.16056522219108518
53059,0.1351715466139752
53061,0.13008330437455265
53063,0.13307794486903599
53065,0.1467896237696624
53067,0.11902181540332767
53069,0.12705530642750373
53071,0.14355586930213796
53073,0.16197992942864725
53075,0.12400195173882186
53077,0.22267619190733604
54001,0.1631030536650003
54003,0.14963997464210357
54005,0.1372597137014315
54007,0.1649364042626332
54009,0.1278622764499415
54011,0.1407323009995339
54013,0.18154450261780106
54015,0.15890936201938438
54017,0.155585431434857
54019,0.1634979334348488
54021,0.1308016877637131
54023,0.15529510255336962
54025,0.1568956828489837
54027,0.18578270733551802
54029,0.1330864521203382
54031,0.1514177558745804
54033,0.16009354428917888
54035,0.14830219555434337
54037,0.13481884924650855
54039,0.13761902777488383
54041,0.15295480880648898
54043,0.1659881569207994
54045,0.15960277617754368
54047,0.17721577298691726
54049,0.15501986754966887
54051,0.13502482409917457
54053,0.12473008088423672
54055,0.1546553518533344
54057,0.14394695565378582
54059,0.16058064758752963
54061,0.13985021838929032
54063,0.1723017865052414
54065,0.17042850595783685
54067,0.16184794248126053
54069,0.11754719543664267
54071,0.16728378735784183
54073,0.12215647600262985
54075,0.1662516976007243
54077,0.15625557736926646
54079,0.1224009415457042
54081,0.13479232138124267
54083,0.1465909863367548
54085,0.1630781114222265
54087,0.1715964343598055
54089,0.14612333213126577
54091,0.15235113421550095
54093,0.16235059760956175
54095,0.14612173148758514
54097,0.15477515353860105
54099,0.1540514775977121
54101,0.16328312595503167
54103,0.1379457482474855
54105,0.16663791616353285
54107,0.1439613860473689
54109,0.14467740560811387
55001,0.08470768201156843
55003,0.10633667060506187
55005,0.08909510739336905
55007,0.11362733412793008
55009,0.09726163535567608
55011,0.09073373395652497
55013,0.10797213622291021
55015,0.06672567439802056
55017,0.07838306124719834
55019,0.15045343313660572
55021,0.07276287241361062
55023,0.08239453499520613
55025,0.07103291302421141
55027,0.07459877378054278
55029,0.08651983643015998
55031,0.09177942012507107
55033,0.0807392552755116
55035,0.08470675352486166
55037,0.10051145207916388
55039,0.07824184019940728
55041,0.12257019438444924
55043,0.09515260323159784
55045,0.08050297458085452
55047,0.08864338447039112
55049,0.07948329546410839
55051,0.08966666666666667
55053,0.09330994493982361
55055,0.07914689683126297
55057,0.09679475164011246
55059,0.09245580297502441
55061,0.07560537681370408
55063,0.07430222368752115
55065,0.1116421785566767
55067,0.09053891011461894
55069,0.0788585886983413
55071,0.07609860664523044
55073,0.085793515675531
55075,0.08567290283645142
55077,0.09019224503095472
55078,0.12445763873030372
55079,0.11918531635725434
55081,0.09644906187005738
55083,0.09225984796129924
55085,0.08051107515482898
55087,0.07549875977974138
55089,0.050047257889762324
55091,0.09248788368336026
55093,0.0784030194598304
55095,0.08816441595052972
55097,0.07871076217209787
55099,0.08287568647029456
55101,0.09018066912209785
55103,0.09041872879942167
55105,0.09317123480326281
55107,0.08951039387308533
55109,0.06732353910627678
55111,0.093687920538289
55113,0.11117153042112259
55115,0.09758373205741627
55117,0.08040915395284327
55119,0.08995090961593993
55121,0.08831830384800717
55123,0.1067052869889466
55125,0.10926532522227421
55127,0.09134694910141769
55129,0.09504812563323202
55131,0.05814410546367127
55133,0.05049243752095003
55135,0.07992813730361989
55137,0.10268928760323853
55139,0.07582047886618232
55141,0.06820131924706387
56001,0.16546957582328228
56003,0.17876000681314938
56005,0.14454650813409453
56007,0.1454752275025278
56009,0.1260014566642389
56011,0.152682448522202
56013,0.18509668678408672
56015,0.12691288993525604
56017,0.1577090682714256
56019,0.15002316960148285
56021,0.13047702321966384
56023,0.15945165945165946
56025,0.13708938620599398
56027,0.1519903498190591
56029,0.14499929765416492
56031,0.1379983913593014
56033,0.14205224517671164
56035,0.15702316412025627
56037,0.14865540110838557
56039,0.18808792027568222
56041,0.14308251266851515
56043,0.14687131050767416
56045,0.13526434195725534
